Hit,"Position (x, y) in cm",Timestamp (s)
0,"(None, None)",0.014285714285714285
0,"(None, None)",0.02857142857142857
0,"(None, None)",0.04285714285714286
0,"(None, None)",0.05714285714285714
0,"(None, None)",0.07142857142857142
0,"(None, None)",0.08571428571428572
0,"(None, None)",0.09999999999999999
0,"(None, None)",0.11428571428571428
0,"(None, None)",0.12857142857142856
0,"(None, None)",0.14285714285714285
0,"(None, None)",0.15714285714285714
0,"(None, None)",0.17142857142857143
0,"(None, None)",0.18571428571428572
0,"(None, None)",0.19999999999999998
0,"(None, None)",0.21428571428571427
0,"(None, None)",0.22857142857142856
0,"(None, None)",0.24285714285714285
0,"(None, None)",0.2571428571428571
0,"(None, None)",0.2714285714285714
0,"(None, None)",0.2857142857142857
0,"(None, None)",0.3
0,"(None, None)",0.3142857142857143
0,"(None, None)",0.32857142857142857
0,"(None, None)",0.34285714285714286
0,"(None, None)",0.35714285714285715
0,"(None, None)",0.37142857142857144
0,"(None, None)",0.3857142857142857
0,"(None, None)",0.39999999999999997
0,"(None, None)",0.41428571428571426
0,"(None, None)",0.42857142857142855
0,"(None, None)",0.44285714285714284
0,"(None, None)",0.45714285714285713
0,"(None, None)",0.4714285714285714
0,"(None, None)",0.4857142857142857
0,"(None, None)",0.5
0,"(None, None)",0.5142857142857142
0,"(None, None)",0.5285714285714286
0,"(None, None)",0.5428571428571428
0,"(None, None)",0.5571428571428572
0,"(None, None)",0.5714285714285714
0,"(None, None)",0.5857142857142857
0,"(None, None)",0.6
0,"(None, None)",0.6142857142857142
0,"(None, None)",0.6285714285714286
0,"(None, None)",0.6428571428571428
0,"(None, None)",0.6571428571428571
0,"(None, None)",0.6714285714285714
0,"(None, None)",0.6857142857142857
0,"(None, None)",0.7
0,"(None, None)",0.7142857142857143
0,"(None, None)",0.7285714285714285
0,"(None, None)",0.7428571428571429
0,"(None, None)",0.7571428571428571
0,"(None, None)",0.7714285714285714
0,"(None, None)",0.7857142857142857
0,"(None, None)",0.7999999999999999
0,"(None, None)",0.8142857142857143
0,"(None, None)",0.8285714285714285
0,"(None, None)",0.8428571428571429
0,"(None, None)",0.8571428571428571
0,"(None, None)",0.8714285714285714
0,"(None, None)",0.8857142857142857
0,"(None, None)",0.9
0,"(None, None)",0.9142857142857143
0,"(None, None)",0.9285714285714285
0,"(None, None)",0.9428571428571428
0,"(None, None)",0.9571428571428571
0,"(None, None)",0.9714285714285714
0,"(None, None)",0.9857142857142857
0,"(None, None)",1.0
0,"(None, None)",1.0142857142857142
0,"(None, None)",1.0285714285714285
0,"(None, None)",1.042857142857143
0,"(None, None)",1.0571428571428572
0,"(None, None)",1.0714285714285714
0,"(None, None)",1.0857142857142856
0,"(None, None)",1.0999999999999999
0,"(None, None)",1.1142857142857143
0,"(None, None)",1.1285714285714286
0,"(None, None)",1.1428571428571428
0,"(None, None)",1.157142857142857
0,"(None, None)",1.1714285714285715
0,"(None, None)",1.1857142857142857
0,"(None, None)",1.2
0,"(None, None)",1.2142857142857142
0,"(None, None)",1.2285714285714284
0,"(None, None)",1.2428571428571429
0,"(None, None)",1.2571428571428571
0,"(None, None)",1.2714285714285714
0,"(None, None)",1.2857142857142856
0,"(None, None)",1.3
0,"(None, None)",1.3142857142857143
0,"(None, None)",1.3285714285714285
0,"(None, None)",1.3428571428571427
0,"(None, None)",1.3571428571428572
0,"(None, None)",1.3714285714285714
0,"(None, None)",1.3857142857142857
0,"(None, None)",1.4
0,"(None, None)",1.4142857142857141
0,"(None, None)",1.4285714285714286
0,"(None, None)",1.4428571428571428
0,"(None, None)",1.457142857142857
0,"(None, None)",1.4714285714285713
0,"(None, None)",1.4857142857142858
0,"(None, None)",1.5
0,"(None, None)",1.5142857142857142
0,"(None, None)",1.5285714285714285
0,"(None, None)",1.5428571428571427
0,"(None, None)",1.5571428571428572
0,"(None, None)",1.5714285714285714
0,"(None, None)",1.5857142857142856
0,"(None, None)",1.5999999999999999
0,"(None, None)",1.6142857142857143
0,"(None, None)",1.6285714285714286
0,"(None, None)",1.6428571428571428
0,"(None, None)",1.657142857142857
0,"(None, None)",1.6714285714285715
0,"(None, None)",1.6857142857142857
0,"(None, None)",1.7
0,"(None, None)",1.7142857142857142
0,"(None, None)",1.7285714285714284
0,"(None, None)",1.7428571428571429
0,"(None, None)",1.7571428571428571
0,"(None, None)",1.7714285714285714
0,"(None, None)",1.7857142857142856
0,"(None, None)",1.8
0,"(None, None)",1.8142857142857143
0,"(None, None)",1.8285714285714285
0,"(None, None)",1.8428571428571427
0,"(None, None)",1.857142857142857
0,"(None, None)",1.8714285714285714
0,"(None, None)",1.8857142857142857
0,"(None, None)",1.9
0,"(None, None)",1.9142857142857141
0,"(None, None)",1.9285714285714286
0,"(None, None)",1.9428571428571428
0,"(None, None)",1.957142857142857
0,"(None, None)",1.9714285714285713
0,"(None, None)",1.9857142857142855
0,"(None, None)",2.0
0,"(None, None)",2.0142857142857142
0,"(None, None)",2.0285714285714285
0,"(None, None)",2.0428571428571427
0,"(None, None)",2.057142857142857
0,"(None, None)",2.071428571428571
0,"(None, None)",2.085714285714286
0,"(None, None)",2.1
0,"(None, None)",2.1142857142857143
0,"(None, None)",2.1285714285714286
0,"(None, None)",2.142857142857143
0,"(None, None)",2.157142857142857
0,"(None, None)",2.1714285714285713
0,"(None, None)",2.1857142857142855
0,"(None, None)",2.1999999999999997
0,"(None, None)",2.2142857142857144
0,"(None, None)",2.2285714285714286
0,"(None, None)",2.242857142857143
0,"(None, None)",2.257142857142857
0,"(None, None)",2.2714285714285714
0,"(None, None)",2.2857142857142856
0,"(None, None)",2.3
0,"(None, None)",2.314285714285714
0,"(None, None)",2.3285714285714283
0,"(None, None)",2.342857142857143
0,"(None, None)",2.357142857142857
0,"(None, None)",2.3714285714285714
0,"(None, None)",2.3857142857142857
0,"(None, None)",2.4
0,"(None, None)",2.414285714285714
0,"(None, None)",2.4285714285714284
0,"(None, None)",2.4428571428571426
0,"(None, None)",2.457142857142857
0,"(None, None)",2.4714285714285715
0,"(None, None)",2.4857142857142858
0,"(None, None)",2.5
0,"(None, None)",2.5142857142857142
0,"(None, None)",2.5285714285714285
0,"(None, None)",2.5428571428571427
0,"(None, None)",2.557142857142857
0,"(None, None)",2.571428571428571
0,"(None, None)",2.585714285714286
0,"(None, None)",2.6
0,"(None, None)",2.6142857142857143
0,"(None, None)",2.6285714285714286
0,"(None, None)",2.642857142857143
0,"(None, None)",2.657142857142857
0,"(None, None)",2.6714285714285713
0,"(None, None)",2.6857142857142855
0,"(None, None)",2.6999999999999997
0,"(None, None)",2.7142857142857144
0,"(None, None)",2.7285714285714286
0,"(None, None)",2.742857142857143
0,"(None, None)",2.757142857142857
0,"(None, None)",2.7714285714285714
0,"(None, None)",2.7857142857142856
0,"(None, None)",2.8
0,"(None, None)",2.814285714285714
0,"(None, None)",2.8285714285714283
0,"(None, None)",2.842857142857143
0,"(None, None)",2.857142857142857
0,"(None, None)",2.8714285714285714
0,"(None, None)",2.8857142857142857
0,"(None, None)",2.9
0,"(None, None)",2.914285714285714
0,"(None, None)",2.9285714285714284
0,"(None, None)",2.9428571428571426
0,"(None, None)",2.957142857142857
0,"(None, None)",2.9714285714285715
0,"(None, None)",2.9857142857142858
0,"(None, None)",3.0
0,"(None, None)",3.0142857142857142
0,"(None, None)",3.0285714285714285
0,"(None, None)",3.0428571428571427
0,"(None, None)",3.057142857142857
0,"(None, None)",3.071428571428571
0,"(None, None)",3.0857142857142854
0,"(None, None)",3.1
0,"(None, None)",3.1142857142857143
0,"(None, None)",3.1285714285714286
0,"(None, None)",3.142857142857143
0,"(None, None)",3.157142857142857
0,"(None, None)",3.1714285714285713
0,"(None, None)",3.1857142857142855
0,"(None, None)",3.1999999999999997
0,"(None, None)",3.214285714285714
0,"(None, None)",3.2285714285714286
0,"(None, None)",3.242857142857143
0,"(None, None)",3.257142857142857
0,"(None, None)",3.2714285714285714
0,"(None, None)",3.2857142857142856
0,"(None, None)",3.3
0,"(None, None)",3.314285714285714
0,"(None, None)",3.3285714285714283
0,"(None, None)",3.342857142857143
0,"(None, None)",3.357142857142857
0,"(None, None)",3.3714285714285714
0,"(None, None)",3.3857142857142857
0,"(None, None)",3.4
0,"(None, None)",3.414285714285714
0,"(None, None)",3.4285714285714284
0,"(None, None)",3.4428571428571426
0,"(None, None)",3.457142857142857
0,"(None, None)",3.4714285714285715
0,"(None, None)",3.4857142857142858
0,"(None, None)",3.5
0,"(None, None)",3.5142857142857142
0,"(None, None)",3.5285714285714285
0,"(None, None)",3.5428571428571427
0,"(None, None)",3.557142857142857
0,"(None, None)",3.571428571428571
0,"(None, None)",3.5857142857142854
0,"(None, None)",3.6
0,"(None, None)",3.6142857142857143
0,"(None, None)",3.6285714285714286
0,"(None, None)",3.642857142857143
0,"(None, None)",3.657142857142857
1,"(15.66, 61.23)",3.6714285714285713
0,"(None, None)",3.6857142857142855
0,"(None, None)",3.6999999999999997
0,"(None, None)",3.714285714285714
0,"(None, None)",3.7285714285714286
0,"(None, None)",3.742857142857143
0,"(None, None)",3.757142857142857
0,"(None, None)",3.7714285714285714
0,"(None, None)",3.7857142857142856
0,"(None, None)",3.8
0,"(None, None)",3.814285714285714
0,"(None, None)",3.8285714285714283
0,"(None, None)",3.8428571428571425
0,"(None, None)",3.857142857142857
0,"(None, None)",3.8714285714285714
0,"(None, None)",3.8857142857142857
0,"(None, None)",3.9
0,"(None, None)",3.914285714285714
0,"(None, None)",3.9285714285714284
0,"(None, None)",3.9428571428571426
0,"(None, None)",3.957142857142857
0,"(None, None)",3.971428571428571
0,"(None, None)",3.9857142857142858
0,"(None, None)",4.0
0,"(None, None)",4.014285714285714
0,"(None, None)",4.0285714285714285
0,"(None, None)",4.042857142857143
0,"(None, None)",4.057142857142857
0,"(None, None)",4.071428571428571
0,"(None, None)",4.085714285714285
0,"(None, None)",4.1
0,"(None, None)",4.114285714285714
0,"(None, None)",4.128571428571428
0,"(None, None)",4.142857142857142
0,"(None, None)",4.157142857142857
0,"(None, None)",4.171428571428572
0,"(None, None)",4.185714285714286
0,"(None, None)",4.2
0,"(None, None)",4.214285714285714
0,"(None, None)",4.228571428571429
0,"(None, None)",4.242857142857143
0,"(None, None)",4.257142857142857
0,"(None, None)",4.271428571428571
0,"(None, None)",4.285714285714286
0,"(None, None)",4.3
0,"(None, None)",4.314285714285714
0,"(None, None)",4.328571428571428
0,"(None, None)",4.3428571428571425
0,"(None, None)",4.357142857142857
0,"(None, None)",4.371428571428571
0,"(None, None)",4.385714285714285
0,"(None, None)",4.3999999999999995
0,"(None, None)",4.414285714285715
0,"(None, None)",4.428571428571429
0,"(None, None)",4.442857142857143
0,"(None, None)",4.457142857142857
0,"(None, None)",4.4714285714285715
0,"(None, None)",4.485714285714286
0,"(None, None)",4.5
0,"(None, None)",4.514285714285714
0,"(None, None)",4.5285714285714285
0,"(None, None)",4.542857142857143
0,"(None, None)",4.557142857142857
0,"(None, None)",4.571428571428571
0,"(None, None)",4.585714285714285
0,"(None, None)",4.6
0,"(None, None)",4.614285714285714
0,"(None, None)",4.628571428571428
0,"(None, None)",4.642857142857142
0,"(None, None)",4.657142857142857
0,"(None, None)",4.671428571428572
0,"(None, None)",4.685714285714286
0,"(None, None)",4.7
0,"(None, None)",4.714285714285714
0,"(None, None)",4.728571428571429
0,"(None, None)",4.742857142857143
0,"(None, None)",4.757142857142857
0,"(None, None)",4.771428571428571
0,"(None, None)",4.785714285714286
0,"(None, None)",4.8
0,"(None, None)",4.814285714285714
0,"(None, None)",4.828571428571428
0,"(None, None)",4.8428571428571425
0,"(None, None)",4.857142857142857
0,"(None, None)",4.871428571428571
0,"(None, None)",4.885714285714285
0,"(None, None)",4.8999999999999995
0,"(None, None)",4.914285714285714
0,"(None, None)",4.928571428571429
0,"(None, None)",4.942857142857143
0,"(None, None)",4.957142857142857
0,"(None, None)",4.9714285714285715
0,"(None, None)",4.985714285714286
0,"(None, None)",5.0
0,"(None, None)",5.014285714285714
0,"(None, None)",5.0285714285714285
0,"(None, None)",5.042857142857143
0,"(None, None)",5.057142857142857
0,"(None, None)",5.071428571428571
0,"(None, None)",5.085714285714285
0,"(None, None)",5.1
0,"(None, None)",5.114285714285714
0,"(None, None)",5.128571428571428
0,"(None, None)",5.142857142857142
0,"(None, None)",5.157142857142857
0,"(None, None)",5.171428571428572
0,"(None, None)",5.185714285714286
0,"(None, None)",5.2
0,"(None, None)",5.214285714285714
0,"(None, None)",5.228571428571429
0,"(None, None)",5.242857142857143
0,"(None, None)",5.257142857142857
0,"(None, None)",5.271428571428571
0,"(None, None)",5.285714285714286
0,"(None, None)",5.3
0,"(None, None)",5.314285714285714
0,"(None, None)",5.328571428571428
0,"(None, None)",5.3428571428571425
0,"(None, None)",5.357142857142857
0,"(None, None)",5.371428571428571
0,"(None, None)",5.385714285714285
0,"(None, None)",5.3999999999999995
0,"(None, None)",5.414285714285714
0,"(None, None)",5.428571428571429
0,"(None, None)",5.442857142857143
0,"(None, None)",5.457142857142857
0,"(None, None)",5.4714285714285715
0,"(None, None)",5.485714285714286
0,"(None, None)",5.5
0,"(None, None)",5.514285714285714
0,"(None, None)",5.5285714285714285
0,"(None, None)",5.542857142857143
1,"(18.13, 64.26)",5.557142857142857
0,"(None, None)",5.571428571428571
0,"(None, None)",5.585714285714285
0,"(None, None)",5.6
0,"(None, None)",5.614285714285714
0,"(None, None)",5.628571428571428
0,"(None, None)",5.642857142857142
0,"(None, None)",5.657142857142857
0,"(None, None)",5.671428571428571
0,"(None, None)",5.685714285714286
0,"(None, None)",5.7
0,"(None, None)",5.714285714285714
0,"(None, None)",5.728571428571429
0,"(None, None)",5.742857142857143
0,"(None, None)",5.757142857142857
0,"(None, None)",5.771428571428571
0,"(None, None)",5.785714285714286
0,"(None, None)",5.8
0,"(None, None)",5.814285714285714
0,"(None, None)",5.828571428571428
0,"(None, None)",5.8428571428571425
0,"(None, None)",5.857142857142857
0,"(None, None)",5.871428571428571
0,"(None, None)",5.885714285714285
0,"(None, None)",5.8999999999999995
0,"(None, None)",5.914285714285714
0,"(None, None)",5.928571428571429
0,"(None, None)",5.942857142857143
0,"(None, None)",5.957142857142857
0,"(None, None)",5.9714285714285715
0,"(None, None)",5.985714285714286
0,"(None, None)",6.0
0,"(None, None)",6.014285714285714
0,"(None, None)",6.0285714285714285
0,"(None, None)",6.042857142857143
0,"(None, None)",6.057142857142857
0,"(None, None)",6.071428571428571
0,"(None, None)",6.085714285714285
0,"(None, None)",6.1
0,"(None, None)",6.114285714285714
0,"(None, None)",6.128571428571428
0,"(None, None)",6.142857142857142
0,"(None, None)",6.157142857142857
0,"(None, None)",6.171428571428571
0,"(None, None)",6.185714285714286
0,"(None, None)",6.2
0,"(None, None)",6.214285714285714
0,"(None, None)",6.228571428571429
0,"(None, None)",6.242857142857143
0,"(None, None)",6.257142857142857
0,"(None, None)",6.271428571428571
0,"(None, None)",6.285714285714286
0,"(None, None)",6.3
0,"(None, None)",6.314285714285714
0,"(None, None)",6.328571428571428
0,"(None, None)",6.3428571428571425
0,"(None, None)",6.357142857142857
0,"(None, None)",6.371428571428571
0,"(None, None)",6.385714285714285
0,"(None, None)",6.3999999999999995
0,"(None, None)",6.414285714285714
0,"(None, None)",6.428571428571428
0,"(None, None)",6.442857142857143
0,"(None, None)",6.457142857142857
0,"(None, None)",6.4714285714285715
0,"(None, None)",6.485714285714286
0,"(None, None)",6.5
0,"(None, None)",6.514285714285714
0,"(None, None)",6.5285714285714285
0,"(None, None)",6.542857142857143
0,"(None, None)",6.557142857142857
0,"(None, None)",6.571428571428571
0,"(None, None)",6.585714285714285
0,"(None, None)",6.6
0,"(None, None)",6.614285714285714
0,"(None, None)",6.628571428571428
0,"(None, None)",6.642857142857142
0,"(None, None)",6.657142857142857
0,"(None, None)",6.671428571428571
0,"(None, None)",6.685714285714286
0,"(None, None)",6.7
0,"(None, None)",6.714285714285714
0,"(None, None)",6.728571428571429
0,"(None, None)",6.742857142857143
0,"(None, None)",6.757142857142857
0,"(None, None)",6.771428571428571
0,"(None, None)",6.785714285714286
0,"(None, None)",6.8
0,"(None, None)",6.814285714285714
0,"(None, None)",6.828571428571428
0,"(None, None)",6.8428571428571425
0,"(None, None)",6.857142857142857
0,"(None, None)",6.871428571428571
0,"(None, None)",6.885714285714285
0,"(None, None)",6.8999999999999995
0,"(None, None)",6.914285714285714
0,"(None, None)",6.928571428571428
0,"(None, None)",6.942857142857143
0,"(None, None)",6.957142857142857
0,"(None, None)",6.9714285714285715
0,"(None, None)",6.985714285714286
0,"(None, None)",7.0
0,"(None, None)",7.014285714285714
0,"(None, None)",7.0285714285714285
0,"(None, None)",7.042857142857143
0,"(None, None)",7.057142857142857
0,"(None, None)",7.071428571428571
0,"(None, None)",7.085714285714285
0,"(None, None)",7.1
0,"(None, None)",7.114285714285714
0,"(None, None)",7.128571428571428
0,"(None, None)",7.142857142857142
0,"(None, None)",7.157142857142857
0,"(None, None)",7.171428571428571
0,"(None, None)",7.185714285714285
0,"(None, None)",7.2
0,"(None, None)",7.214285714285714
0,"(None, None)",7.228571428571429
0,"(None, None)",7.242857142857143
0,"(None, None)",7.257142857142857
0,"(None, None)",7.271428571428571
0,"(None, None)",7.285714285714286
0,"(None, None)",7.3
0,"(None, None)",7.314285714285714
0,"(None, None)",7.328571428571428
0,"(None, None)",7.3428571428571425
0,"(None, None)",7.357142857142857
0,"(None, None)",7.371428571428571
0,"(None, None)",7.385714285714285
0,"(None, None)",7.3999999999999995
0,"(None, None)",7.414285714285714
0,"(None, None)",7.428571428571428
0,"(None, None)",7.442857142857143
0,"(None, None)",7.457142857142857
0,"(None, None)",7.4714285714285715
0,"(None, None)",7.485714285714286
0,"(None, None)",7.5
0,"(None, None)",7.514285714285714
0,"(None, None)",7.5285714285714285
0,"(None, None)",7.542857142857143
0,"(None, None)",7.557142857142857
0,"(None, None)",7.571428571428571
0,"(None, None)",7.585714285714285
0,"(None, None)",7.6
0,"(None, None)",7.614285714285714
0,"(None, None)",7.628571428571428
0,"(None, None)",7.642857142857142
0,"(None, None)",7.657142857142857
0,"(None, None)",7.671428571428571
0,"(None, None)",7.685714285714285
0,"(None, None)",7.7
0,"(None, None)",7.714285714285714
0,"(None, None)",7.728571428571429
0,"(None, None)",7.742857142857143
0,"(None, None)",7.757142857142857
0,"(None, None)",7.771428571428571
0,"(None, None)",7.785714285714286
0,"(None, None)",7.8
0,"(None, None)",7.814285714285714
0,"(None, None)",7.828571428571428
0,"(None, None)",7.8428571428571425
0,"(None, None)",7.857142857142857
0,"(None, None)",7.871428571428571
0,"(None, None)",7.885714285714285
0,"(None, None)",7.8999999999999995
0,"(None, None)",7.914285714285714
0,"(None, None)",7.928571428571428
0,"(None, None)",7.942857142857142
0,"(None, None)",7.957142857142857
0,"(None, None)",7.9714285714285715
0,"(None, None)",7.985714285714286
0,"(None, None)",8.0
0,"(None, None)",8.014285714285714
0,"(None, None)",8.028571428571428
0,"(None, None)",8.042857142857143
0,"(None, None)",8.057142857142857
0,"(None, None)",8.071428571428571
0,"(None, None)",8.085714285714285
0,"(None, None)",8.1
0,"(None, None)",8.114285714285714
0,"(None, None)",8.128571428571428
0,"(None, None)",8.142857142857142
0,"(None, None)",8.157142857142857
0,"(None, None)",8.17142857142857
0,"(None, None)",8.185714285714285
0,"(None, None)",8.2
0,"(None, None)",8.214285714285714
0,"(None, None)",8.228571428571428
0,"(None, None)",8.242857142857142
0,"(None, None)",8.257142857142856
0,"(None, None)",8.27142857142857
0,"(None, None)",8.285714285714285
0,"(None, None)",8.299999999999999
0,"(None, None)",8.314285714285713
0,"(None, None)",8.32857142857143
0,"(None, None)",8.342857142857143
0,"(None, None)",8.357142857142858
0,"(None, None)",8.371428571428572
0,"(None, None)",8.385714285714286
0,"(None, None)",8.4
0,"(None, None)",8.414285714285715
0,"(None, None)",8.428571428571429
0,"(None, None)",8.442857142857143
0,"(None, None)",8.457142857142857
0,"(None, None)",8.471428571428572
0,"(None, None)",8.485714285714286
0,"(None, None)",8.5
0,"(None, None)",8.514285714285714
0,"(None, None)",8.528571428571428
0,"(None, None)",8.542857142857143
0,"(None, None)",8.557142857142857
0,"(None, None)",8.571428571428571
0,"(None, None)",8.585714285714285
0,"(None, None)",8.6
0,"(None, None)",8.614285714285714
0,"(None, None)",8.628571428571428
0,"(None, None)",8.642857142857142
0,"(None, None)",8.657142857142857
0,"(None, None)",8.67142857142857
0,"(None, None)",8.685714285714285
0,"(None, None)",8.7
0,"(None, None)",8.714285714285714
0,"(None, None)",8.728571428571428
0,"(None, None)",8.742857142857142
0,"(None, None)",8.757142857142856
0,"(None, None)",8.77142857142857
0,"(None, None)",8.785714285714285
0,"(None, None)",8.799999999999999
0,"(None, None)",8.814285714285713
0,"(None, None)",8.82857142857143
0,"(None, None)",8.842857142857143
0,"(None, None)",8.857142857142858
0,"(None, None)",8.871428571428572
0,"(None, None)",8.885714285714286
0,"(None, None)",8.9
0,"(None, None)",8.914285714285715
0,"(None, None)",8.928571428571429
0,"(None, None)",8.942857142857143
0,"(None, None)",8.957142857142857
0,"(None, None)",8.971428571428572
0,"(None, None)",8.985714285714286
0,"(None, None)",9.0
0,"(None, None)",9.014285714285714
0,"(None, None)",9.028571428571428
0,"(None, None)",9.042857142857143
0,"(None, None)",9.057142857142857
0,"(None, None)",9.071428571428571
0,"(None, None)",9.085714285714285
0,"(None, None)",9.1
0,"(None, None)",9.114285714285714
0,"(None, None)",9.128571428571428
0,"(None, None)",9.142857142857142
0,"(None, None)",9.157142857142857
0,"(None, None)",9.17142857142857
0,"(None, None)",9.185714285714285
0,"(None, None)",9.2
0,"(None, None)",9.214285714285714
0,"(None, None)",9.228571428571428
0,"(None, None)",9.242857142857142
0,"(None, None)",9.257142857142856
0,"(None, None)",9.27142857142857
0,"(None, None)",9.285714285714285
0,"(None, None)",9.299999999999999
0,"(None, None)",9.314285714285713
0,"(None, None)",9.328571428571427
0,"(None, None)",9.342857142857143
0,"(None, None)",9.357142857142858
0,"(None, None)",9.371428571428572
0,"(None, None)",9.385714285714286
0,"(None, None)",9.4
0,"(None, None)",9.414285714285715
0,"(None, None)",9.428571428571429
0,"(None, None)",9.442857142857143
0,"(None, None)",9.457142857142857
0,"(None, None)",9.471428571428572
0,"(None, None)",9.485714285714286
0,"(None, None)",9.5
0,"(None, None)",9.514285714285714
0,"(None, None)",9.528571428571428
0,"(None, None)",9.542857142857143
0,"(None, None)",9.557142857142857
0,"(None, None)",9.571428571428571
0,"(None, None)",9.585714285714285
0,"(None, None)",9.6
0,"(None, None)",9.614285714285714
0,"(None, None)",9.628571428571428
0,"(None, None)",9.642857142857142
0,"(None, None)",9.657142857142857
0,"(None, None)",9.67142857142857
0,"(None, None)",9.685714285714285
0,"(None, None)",9.7
0,"(None, None)",9.714285714285714
0,"(None, None)",9.728571428571428
0,"(None, None)",9.742857142857142
0,"(None, None)",9.757142857142856
0,"(None, None)",9.77142857142857
0,"(None, None)",9.785714285714285
0,"(None, None)",9.799999999999999
0,"(None, None)",9.814285714285713
0,"(None, None)",9.828571428571427
0,"(None, None)",9.842857142857143
0,"(None, None)",9.857142857142858
0,"(None, None)",9.871428571428572
0,"(None, None)",9.885714285714286
0,"(None, None)",9.9
0,"(None, None)",9.914285714285715
0,"(None, None)",9.928571428571429
0,"(None, None)",9.942857142857143
0,"(None, None)",9.957142857142857
0,"(None, None)",9.971428571428572
0,"(None, None)",9.985714285714286
0,"(None, None)",10.0
0,"(None, None)",10.014285714285714
0,"(None, None)",10.028571428571428
0,"(None, None)",10.042857142857143
0,"(None, None)",10.057142857142857
0,"(None, None)",10.071428571428571
0,"(None, None)",10.085714285714285
0,"(None, None)",10.1
0,"(None, None)",10.114285714285714
0,"(None, None)",10.128571428571428
0,"(None, None)",10.142857142857142
0,"(None, None)",10.157142857142857
0,"(None, None)",10.17142857142857
0,"(None, None)",10.185714285714285
0,"(None, None)",10.2
0,"(None, None)",10.214285714285714
0,"(None, None)",10.228571428571428
0,"(None, None)",10.242857142857142
0,"(None, None)",10.257142857142856
0,"(None, None)",10.27142857142857
0,"(None, None)",10.285714285714285
0,"(None, None)",10.299999999999999
0,"(None, None)",10.314285714285713
0,"(None, None)",10.328571428571427
0,"(None, None)",10.342857142857143
0,"(None, None)",10.357142857142858
0,"(None, None)",10.371428571428572
0,"(None, None)",10.385714285714286
0,"(None, None)",10.4
0,"(None, None)",10.414285714285715
0,"(None, None)",10.428571428571429
0,"(None, None)",10.442857142857143
0,"(None, None)",10.457142857142857
0,"(None, None)",10.471428571428572
0,"(None, None)",10.485714285714286
0,"(None, None)",10.5
0,"(None, None)",10.514285714285714
0,"(None, None)",10.528571428571428
0,"(None, None)",10.542857142857143
0,"(None, None)",10.557142857142857
0,"(None, None)",10.571428571428571
0,"(None, None)",10.585714285714285
0,"(None, None)",10.6
0,"(None, None)",10.614285714285714
0,"(None, None)",10.628571428571428
0,"(None, None)",10.642857142857142
0,"(None, None)",10.657142857142857
0,"(None, None)",10.67142857142857
0,"(None, None)",10.685714285714285
0,"(None, None)",10.7
0,"(None, None)",10.714285714285714
0,"(None, None)",10.728571428571428
0,"(None, None)",10.742857142857142
0,"(None, None)",10.757142857142856
0,"(None, None)",10.77142857142857
0,"(None, None)",10.785714285714285
0,"(None, None)",10.799999999999999
0,"(None, None)",10.814285714285713
0,"(None, None)",10.828571428571427
0,"(None, None)",10.842857142857142
0,"(None, None)",10.857142857142858
0,"(None, None)",10.871428571428572
0,"(None, None)",10.885714285714286
0,"(None, None)",10.9
0,"(None, None)",10.914285714285715
0,"(None, None)",10.928571428571429
0,"(None, None)",10.942857142857143
0,"(None, None)",10.957142857142857
0,"(None, None)",10.971428571428572
0,"(None, None)",10.985714285714286
0,"(None, None)",11.0
0,"(None, None)",11.014285714285714
0,"(None, None)",11.028571428571428
0,"(None, None)",11.042857142857143
0,"(None, None)",11.057142857142857
0,"(None, None)",11.071428571428571
0,"(None, None)",11.085714285714285
0,"(None, None)",11.1
0,"(None, None)",11.114285714285714
0,"(None, None)",11.128571428571428
0,"(None, None)",11.142857142857142
0,"(None, None)",11.157142857142857
0,"(None, None)",11.17142857142857
0,"(None, None)",11.185714285714285
0,"(None, None)",11.2
0,"(None, None)",11.214285714285714
0,"(None, None)",11.228571428571428
0,"(None, None)",11.242857142857142
0,"(None, None)",11.257142857142856
0,"(None, None)",11.27142857142857
0,"(None, None)",11.285714285714285
0,"(None, None)",11.299999999999999
0,"(None, None)",11.314285714285713
0,"(None, None)",11.328571428571427
0,"(None, None)",11.342857142857142
0,"(None, None)",11.357142857142858
0,"(None, None)",11.371428571428572
0,"(None, None)",11.385714285714286
0,"(None, None)",11.4
0,"(None, None)",11.414285714285715
0,"(None, None)",11.428571428571429
0,"(None, None)",11.442857142857143
0,"(None, None)",11.457142857142857
0,"(None, None)",11.471428571428572
0,"(None, None)",11.485714285714286
0,"(None, None)",11.5
0,"(None, None)",11.514285714285714
0,"(None, None)",11.528571428571428
0,"(None, None)",11.542857142857143
0,"(None, None)",11.557142857142857
0,"(None, None)",11.571428571428571
0,"(None, None)",11.585714285714285
0,"(None, None)",11.6
0,"(None, None)",11.614285714285714
0,"(None, None)",11.628571428571428
0,"(None, None)",11.642857142857142
0,"(None, None)",11.657142857142857
0,"(None, None)",11.67142857142857
0,"(None, None)",11.685714285714285
0,"(None, None)",11.7
0,"(None, None)",11.714285714285714
0,"(None, None)",11.728571428571428
0,"(None, None)",11.742857142857142
0,"(None, None)",11.757142857142856
0,"(None, None)",11.77142857142857
0,"(None, None)",11.785714285714285
0,"(None, None)",11.799999999999999
0,"(None, None)",11.814285714285713
0,"(None, None)",11.828571428571427
0,"(None, None)",11.842857142857142
0,"(None, None)",11.857142857142858
0,"(None, None)",11.871428571428572
0,"(None, None)",11.885714285714286
0,"(None, None)",11.9
0,"(None, None)",11.914285714285715
0,"(None, None)",11.928571428571429
0,"(None, None)",11.942857142857143
0,"(None, None)",11.957142857142857
0,"(None, None)",11.971428571428572
0,"(None, None)",11.985714285714286
0,"(None, None)",12.0
0,"(None, None)",12.014285714285714
0,"(None, None)",12.028571428571428
0,"(None, None)",12.042857142857143
0,"(None, None)",12.057142857142857
0,"(None, None)",12.071428571428571
0,"(None, None)",12.085714285714285
0,"(None, None)",12.1
0,"(None, None)",12.114285714285714
0,"(None, None)",12.128571428571428
0,"(None, None)",12.142857142857142
0,"(None, None)",12.157142857142857
0,"(None, None)",12.17142857142857
0,"(None, None)",12.185714285714285
0,"(None, None)",12.2
0,"(None, None)",12.214285714285714
0,"(None, None)",12.228571428571428
0,"(None, None)",12.242857142857142
0,"(None, None)",12.257142857142856
0,"(None, None)",12.27142857142857
0,"(None, None)",12.285714285714285
0,"(None, None)",12.299999999999999
0,"(None, None)",12.314285714285713
0,"(None, None)",12.328571428571427
0,"(None, None)",12.342857142857142
0,"(None, None)",12.357142857142856
0,"(None, None)",12.371428571428572
0,"(None, None)",12.385714285714286
0,"(None, None)",12.4
0,"(None, None)",12.414285714285715
0,"(None, None)",12.428571428571429
0,"(None, None)",12.442857142857143
0,"(None, None)",12.457142857142857
0,"(None, None)",12.471428571428572
0,"(None, None)",12.485714285714286
0,"(None, None)",12.5
0,"(None, None)",12.514285714285714
0,"(None, None)",12.528571428571428
0,"(None, None)",12.542857142857143
0,"(None, None)",12.557142857142857
0,"(None, None)",12.571428571428571
0,"(None, None)",12.585714285714285
0,"(None, None)",12.6
0,"(None, None)",12.614285714285714
0,"(None, None)",12.628571428571428
0,"(None, None)",12.642857142857142
0,"(None, None)",12.657142857142857
0,"(None, None)",12.67142857142857
0,"(None, None)",12.685714285714285
0,"(None, None)",12.7
0,"(None, None)",12.714285714285714
0,"(None, None)",12.728571428571428
0,"(None, None)",12.742857142857142
0,"(None, None)",12.757142857142856
0,"(None, None)",12.77142857142857
0,"(None, None)",12.785714285714285
0,"(None, None)",12.799999999999999
0,"(None, None)",12.814285714285713
0,"(None, None)",12.828571428571427
0,"(None, None)",12.842857142857142
0,"(None, None)",12.857142857142856
0,"(None, None)",12.871428571428572
0,"(None, None)",12.885714285714286
0,"(None, None)",12.9
0,"(None, None)",12.914285714285715
0,"(None, None)",12.928571428571429
0,"(None, None)",12.942857142857143
0,"(None, None)",12.957142857142857
0,"(None, None)",12.971428571428572
0,"(None, None)",12.985714285714286
0,"(None, None)",13.0
0,"(None, None)",13.014285714285714
0,"(None, None)",13.028571428571428
0,"(None, None)",13.042857142857143
0,"(None, None)",13.057142857142857
0,"(None, None)",13.071428571428571
0,"(None, None)",13.085714285714285
0,"(None, None)",13.1
0,"(None, None)",13.114285714285714
0,"(None, None)",13.128571428571428
0,"(None, None)",13.142857142857142
0,"(None, None)",13.157142857142857
0,"(None, None)",13.17142857142857
0,"(None, None)",13.185714285714285
0,"(None, None)",13.2
0,"(None, None)",13.214285714285714
0,"(None, None)",13.228571428571428
0,"(None, None)",13.242857142857142
0,"(None, None)",13.257142857142856
0,"(None, None)",13.27142857142857
0,"(None, None)",13.285714285714285
0,"(None, None)",13.299999999999999
0,"(None, None)",13.314285714285713
0,"(None, None)",13.328571428571427
0,"(None, None)",13.342857142857142
0,"(None, None)",13.357142857142856
0,"(None, None)",13.371428571428572
0,"(None, None)",13.385714285714286
0,"(None, None)",13.4
0,"(None, None)",13.414285714285715
0,"(None, None)",13.428571428571429
0,"(None, None)",13.442857142857143
0,"(None, None)",13.457142857142857
0,"(None, None)",13.471428571428572
0,"(None, None)",13.485714285714286
0,"(None, None)",13.5
0,"(None, None)",13.514285714285714
0,"(None, None)",13.528571428571428
0,"(None, None)",13.542857142857143
0,"(None, None)",13.557142857142857
0,"(None, None)",13.571428571428571
0,"(None, None)",13.585714285714285
0,"(None, None)",13.6
0,"(None, None)",13.614285714285714
0,"(None, None)",13.628571428571428
0,"(None, None)",13.642857142857142
0,"(None, None)",13.657142857142857
0,"(None, None)",13.67142857142857
0,"(None, None)",13.685714285714285
0,"(None, None)",13.7
0,"(None, None)",13.714285714285714
0,"(None, None)",13.728571428571428
0,"(None, None)",13.742857142857142
0,"(None, None)",13.757142857142856
0,"(None, None)",13.77142857142857
0,"(None, None)",13.785714285714285
0,"(None, None)",13.799999999999999
0,"(None, None)",13.814285714285713
0,"(None, None)",13.828571428571427
0,"(None, None)",13.842857142857142
0,"(None, None)",13.857142857142856
0,"(None, None)",13.87142857142857
0,"(None, None)",13.885714285714286
0,"(None, None)",13.9
0,"(None, None)",13.914285714285715
0,"(None, None)",13.928571428571429
0,"(None, None)",13.942857142857143
0,"(None, None)",13.957142857142857
0,"(None, None)",13.971428571428572
0,"(None, None)",13.985714285714286
0,"(None, None)",14.0
0,"(None, None)",14.014285714285714
0,"(None, None)",14.028571428571428
0,"(None, None)",14.042857142857143
1,"(17.82, 70.25)",14.057142857142857
0,"(None, None)",14.071428571428571
0,"(None, None)",14.085714285714285
0,"(None, None)",14.1
0,"(None, None)",14.114285714285714
0,"(None, None)",14.128571428571428
0,"(None, None)",14.142857142857142
0,"(None, None)",14.157142857142857
0,"(None, None)",14.17142857142857
0,"(None, None)",14.185714285714285
0,"(None, None)",14.2
0,"(None, None)",14.214285714285714
0,"(None, None)",14.228571428571428
0,"(None, None)",14.242857142857142
0,"(None, None)",14.257142857142856
0,"(None, None)",14.27142857142857
0,"(None, None)",14.285714285714285
0,"(None, None)",14.299999999999999
0,"(None, None)",14.314285714285713
0,"(None, None)",14.328571428571427
0,"(None, None)",14.342857142857142
0,"(None, None)",14.357142857142856
0,"(None, None)",14.37142857142857
0,"(None, None)",14.385714285714286
0,"(None, None)",14.4
0,"(None, None)",14.414285714285715
0,"(None, None)",14.428571428571429
0,"(None, None)",14.442857142857143
0,"(None, None)",14.457142857142857
0,"(None, None)",14.471428571428572
0,"(None, None)",14.485714285714286
0,"(None, None)",14.5
0,"(None, None)",14.514285714285714
0,"(None, None)",14.528571428571428
0,"(None, None)",14.542857142857143
0,"(None, None)",14.557142857142857
0,"(None, None)",14.571428571428571
0,"(None, None)",14.585714285714285
0,"(None, None)",14.6
0,"(None, None)",14.614285714285714
0,"(None, None)",14.628571428571428
0,"(None, None)",14.642857142857142
0,"(None, None)",14.657142857142857
0,"(None, None)",14.67142857142857
0,"(None, None)",14.685714285714285
0,"(None, None)",14.7
0,"(None, None)",14.714285714285714
0,"(None, None)",14.728571428571428
0,"(None, None)",14.742857142857142
0,"(None, None)",14.757142857142856
0,"(None, None)",14.77142857142857
0,"(None, None)",14.785714285714285
0,"(None, None)",14.799999999999999
0,"(None, None)",14.814285714285713
0,"(None, None)",14.828571428571427
0,"(None, None)",14.842857142857142
0,"(None, None)",14.857142857142856
0,"(None, None)",14.87142857142857
0,"(None, None)",14.885714285714286
0,"(None, None)",14.9
0,"(None, None)",14.914285714285715
0,"(None, None)",14.928571428571429
0,"(None, None)",14.942857142857143
0,"(None, None)",14.957142857142857
0,"(None, None)",14.971428571428572
0,"(None, None)",14.985714285714286
0,"(None, None)",15.0
0,"(None, None)",15.014285714285714
0,"(None, None)",15.028571428571428
0,"(None, None)",15.042857142857143
0,"(None, None)",15.057142857142857
0,"(None, None)",15.071428571428571
0,"(None, None)",15.085714285714285
0,"(None, None)",15.1
0,"(None, None)",15.114285714285714
0,"(None, None)",15.128571428571428
0,"(None, None)",15.142857142857142
0,"(None, None)",15.157142857142857
0,"(None, None)",15.17142857142857
0,"(None, None)",15.185714285714285
0,"(None, None)",15.2
0,"(None, None)",15.214285714285714
0,"(None, None)",15.228571428571428
0,"(None, None)",15.242857142857142
0,"(None, None)",15.257142857142856
0,"(None, None)",15.27142857142857
0,"(None, None)",15.285714285714285
0,"(None, None)",15.299999999999999
0,"(None, None)",15.314285714285713
0,"(None, None)",15.328571428571427
0,"(None, None)",15.342857142857142
0,"(None, None)",15.357142857142856
0,"(None, None)",15.37142857142857
0,"(None, None)",15.385714285714286
0,"(None, None)",15.4
0,"(None, None)",15.414285714285715
0,"(None, None)",15.428571428571429
0,"(None, None)",15.442857142857143
0,"(None, None)",15.457142857142857
0,"(None, None)",15.471428571428572
0,"(None, None)",15.485714285714286
0,"(None, None)",15.5
0,"(None, None)",15.514285714285714
0,"(None, None)",15.528571428571428
0,"(None, None)",15.542857142857143
0,"(None, None)",15.557142857142857
0,"(None, None)",15.571428571428571
0,"(None, None)",15.585714285714285
0,"(None, None)",15.6
0,"(None, None)",15.614285714285714
0,"(None, None)",15.628571428571428
0,"(None, None)",15.642857142857142
0,"(None, None)",15.657142857142857
0,"(None, None)",15.67142857142857
0,"(None, None)",15.685714285714285
0,"(None, None)",15.7
0,"(None, None)",15.714285714285714
0,"(None, None)",15.728571428571428
0,"(None, None)",15.742857142857142
0,"(None, None)",15.757142857142856
0,"(None, None)",15.77142857142857
0,"(None, None)",15.785714285714285
0,"(None, None)",15.799999999999999
0,"(None, None)",15.814285714285713
0,"(None, None)",15.828571428571427
0,"(None, None)",15.842857142857142
0,"(None, None)",15.857142857142856
0,"(None, None)",15.87142857142857
0,"(None, None)",15.885714285714284
0,"(None, None)",15.9
0,"(None, None)",15.914285714285715
0,"(None, None)",15.928571428571429
0,"(None, None)",15.942857142857143
0,"(None, None)",15.957142857142857
0,"(None, None)",15.971428571428572
0,"(None, None)",15.985714285714286
0,"(None, None)",16.0
0,"(None, None)",16.014285714285712
0,"(None, None)",16.02857142857143
0,"(None, None)",16.04285714285714
0,"(None, None)",16.057142857142857
0,"(None, None)",16.07142857142857
0,"(None, None)",16.085714285714285
0,"(None, None)",16.099999999999998
0,"(None, None)",16.114285714285714
0,"(None, None)",16.128571428571426
0,"(None, None)",16.142857142857142
0,"(None, None)",16.15714285714286
0,"(None, None)",16.17142857142857
0,"(None, None)",16.185714285714287
0,"(None, None)",16.2
0,"(None, None)",16.214285714285715
0,"(None, None)",16.228571428571428
0,"(None, None)",16.242857142857144
0,"(None, None)",16.257142857142856
0,"(None, None)",16.271428571428572
0,"(None, None)",16.285714285714285
0,"(None, None)",16.3
0,"(None, None)",16.314285714285713
0,"(None, None)",16.32857142857143
0,"(None, None)",16.34285714285714
0,"(None, None)",16.357142857142858
0,"(None, None)",16.37142857142857
0,"(None, None)",16.385714285714286
0,"(None, None)",16.4
0,"(None, None)",16.414285714285715
0,"(None, None)",16.428571428571427
0,"(None, None)",16.442857142857143
0,"(None, None)",16.457142857142856
0,"(None, None)",16.47142857142857
0,"(None, None)",16.485714285714284
0,"(None, None)",16.5
0,"(None, None)",16.514285714285712
0,"(None, None)",16.52857142857143
0,"(None, None)",16.54285714285714
0,"(None, None)",16.557142857142857
0,"(None, None)",16.57142857142857
0,"(None, None)",16.585714285714285
0,"(None, None)",16.599999999999998
0,"(None, None)",16.614285714285714
0,"(None, None)",16.628571428571426
0,"(None, None)",16.642857142857142
0,"(None, None)",16.65714285714286
0,"(None, None)",16.67142857142857
0,"(None, None)",16.685714285714287
0,"(None, None)",16.7
0,"(None, None)",16.714285714285715
0,"(None, None)",16.728571428571428
0,"(None, None)",16.742857142857144
0,"(None, None)",16.757142857142856
0,"(None, None)",16.771428571428572
0,"(None, None)",16.785714285714285
0,"(None, None)",16.8
0,"(None, None)",16.814285714285713
0,"(None, None)",16.82857142857143
0,"(None, None)",16.84285714285714
0,"(None, None)",16.857142857142858
0,"(None, None)",16.87142857142857
0,"(None, None)",16.885714285714286
0,"(None, None)",16.9
0,"(None, None)",16.914285714285715
0,"(None, None)",16.928571428571427
0,"(None, None)",16.942857142857143
0,"(None, None)",16.957142857142856
0,"(None, None)",16.97142857142857
0,"(None, None)",16.985714285714284
0,"(None, None)",17.0
0,"(None, None)",17.014285714285712
0,"(None, None)",17.02857142857143
0,"(None, None)",17.04285714285714
0,"(None, None)",17.057142857142857
0,"(None, None)",17.07142857142857
0,"(None, None)",17.085714285714285
0,"(None, None)",17.099999999999998
0,"(None, None)",17.114285714285714
0,"(None, None)",17.128571428571426
0,"(None, None)",17.142857142857142
0,"(None, None)",17.15714285714286
0,"(None, None)",17.17142857142857
0,"(None, None)",17.185714285714287
0,"(None, None)",17.2
0,"(None, None)",17.214285714285715
0,"(None, None)",17.228571428571428
0,"(None, None)",17.242857142857144
0,"(None, None)",17.257142857142856
0,"(None, None)",17.271428571428572
0,"(None, None)",17.285714285714285
0,"(None, None)",17.3
0,"(None, None)",17.314285714285713
0,"(None, None)",17.32857142857143
0,"(None, None)",17.34285714285714
0,"(None, None)",17.357142857142858
0,"(None, None)",17.37142857142857
0,"(None, None)",17.385714285714286
0,"(None, None)",17.4
0,"(None, None)",17.414285714285715
0,"(None, None)",17.428571428571427
0,"(None, None)",17.442857142857143
0,"(None, None)",17.457142857142856
0,"(None, None)",17.47142857142857
0,"(None, None)",17.485714285714284
0,"(None, None)",17.5
0,"(None, None)",17.514285714285712
0,"(None, None)",17.52857142857143
0,"(None, None)",17.54285714285714
0,"(None, None)",17.557142857142857
0,"(None, None)",17.57142857142857
0,"(None, None)",17.585714285714285
0,"(None, None)",17.599999999999998
0,"(None, None)",17.614285714285714
0,"(None, None)",17.628571428571426
0,"(None, None)",17.642857142857142
0,"(None, None)",17.65714285714286
0,"(None, None)",17.67142857142857
0,"(None, None)",17.685714285714287
0,"(None, None)",17.7
0,"(None, None)",17.714285714285715
0,"(None, None)",17.728571428571428
0,"(None, None)",17.742857142857144
0,"(None, None)",17.757142857142856
0,"(None, None)",17.771428571428572
0,"(None, None)",17.785714285714285
0,"(None, None)",17.8
0,"(None, None)",17.814285714285713
0,"(None, None)",17.82857142857143
0,"(None, None)",17.84285714285714
0,"(None, None)",17.857142857142858
0,"(None, None)",17.87142857142857
0,"(None, None)",17.885714285714286
0,"(None, None)",17.9
0,"(None, None)",17.914285714285715
0,"(None, None)",17.928571428571427
0,"(None, None)",17.942857142857143
0,"(None, None)",17.957142857142856
0,"(None, None)",17.97142857142857
0,"(None, None)",17.985714285714284
0,"(None, None)",18.0
0,"(None, None)",18.014285714285712
0,"(None, None)",18.02857142857143
0,"(None, None)",18.04285714285714
0,"(None, None)",18.057142857142857
0,"(None, None)",18.07142857142857
0,"(None, None)",18.085714285714285
0,"(None, None)",18.099999999999998
0,"(None, None)",18.114285714285714
0,"(None, None)",18.128571428571426
0,"(None, None)",18.142857142857142
0,"(None, None)",18.157142857142855
0,"(None, None)",18.17142857142857
0,"(None, None)",18.185714285714287
0,"(None, None)",18.2
0,"(None, None)",18.214285714285715
0,"(None, None)",18.228571428571428
0,"(None, None)",18.242857142857144
0,"(None, None)",18.257142857142856
0,"(None, None)",18.271428571428572
0,"(None, None)",18.285714285714285
0,"(None, None)",18.3
0,"(None, None)",18.314285714285713
0,"(None, None)",18.32857142857143
0,"(None, None)",18.34285714285714
0,"(None, None)",18.357142857142858
0,"(None, None)",18.37142857142857
0,"(None, None)",18.385714285714286
0,"(None, None)",18.4
0,"(None, None)",18.414285714285715
0,"(None, None)",18.428571428571427
0,"(None, None)",18.442857142857143
0,"(None, None)",18.457142857142856
0,"(None, None)",18.47142857142857
0,"(None, None)",18.485714285714284
0,"(None, None)",18.5
0,"(None, None)",18.514285714285712
0,"(None, None)",18.52857142857143
0,"(None, None)",18.54285714285714
0,"(None, None)",18.557142857142857
0,"(None, None)",18.57142857142857
0,"(None, None)",18.585714285714285
0,"(None, None)",18.599999999999998
0,"(None, None)",18.614285714285714
0,"(None, None)",18.628571428571426
0,"(None, None)",18.642857142857142
0,"(None, None)",18.657142857142855
0,"(None, None)",18.67142857142857
0,"(None, None)",18.685714285714287
0,"(None, None)",18.7
0,"(None, None)",18.714285714285715
0,"(None, None)",18.728571428571428
0,"(None, None)",18.742857142857144
0,"(None, None)",18.757142857142856
0,"(None, None)",18.771428571428572
0,"(None, None)",18.785714285714285
0,"(None, None)",18.8
0,"(None, None)",18.814285714285713
0,"(None, None)",18.82857142857143
0,"(None, None)",18.84285714285714
0,"(None, None)",18.857142857142858
0,"(None, None)",18.87142857142857
0,"(None, None)",18.885714285714286
0,"(None, None)",18.9
0,"(None, None)",18.914285714285715
0,"(None, None)",18.928571428571427
0,"(None, None)",18.942857142857143
0,"(None, None)",18.957142857142856
0,"(None, None)",18.97142857142857
0,"(None, None)",18.985714285714284
0,"(None, None)",19.0
0,"(None, None)",19.014285714285712
0,"(None, None)",19.02857142857143
0,"(None, None)",19.04285714285714
0,"(None, None)",19.057142857142857
0,"(None, None)",19.07142857142857
0,"(None, None)",19.085714285714285
0,"(None, None)",19.099999999999998
0,"(None, None)",19.114285714285714
0,"(None, None)",19.128571428571426
0,"(None, None)",19.142857142857142
0,"(None, None)",19.157142857142855
0,"(None, None)",19.17142857142857
0,"(None, None)",19.185714285714287
0,"(None, None)",19.2
0,"(None, None)",19.214285714285715
0,"(None, None)",19.228571428571428
0,"(None, None)",19.242857142857144
0,"(None, None)",19.257142857142856
0,"(None, None)",19.271428571428572
0,"(None, None)",19.285714285714285
0,"(None, None)",19.3
0,"(None, None)",19.314285714285713
0,"(None, None)",19.32857142857143
0,"(None, None)",19.34285714285714
0,"(None, None)",19.357142857142858
0,"(None, None)",19.37142857142857
0,"(None, None)",19.385714285714286
0,"(None, None)",19.4
0,"(None, None)",19.414285714285715
0,"(None, None)",19.428571428571427
0,"(None, None)",19.442857142857143
0,"(None, None)",19.457142857142856
0,"(None, None)",19.47142857142857
0,"(None, None)",19.485714285714284
0,"(None, None)",19.5
0,"(None, None)",19.514285714285712
0,"(None, None)",19.52857142857143
0,"(None, None)",19.54285714285714
0,"(None, None)",19.557142857142857
0,"(None, None)",19.57142857142857
0,"(None, None)",19.585714285714285
0,"(None, None)",19.599999999999998
0,"(None, None)",19.614285714285714
0,"(None, None)",19.628571428571426
0,"(None, None)",19.642857142857142
0,"(None, None)",19.657142857142855
0,"(None, None)",19.67142857142857
0,"(None, None)",19.685714285714287
0,"(None, None)",19.7
0,"(None, None)",19.714285714285715
0,"(None, None)",19.728571428571428
0,"(None, None)",19.742857142857144
0,"(None, None)",19.757142857142856
0,"(None, None)",19.771428571428572
0,"(None, None)",19.785714285714285
0,"(None, None)",19.8
0,"(None, None)",19.814285714285713
0,"(None, None)",19.82857142857143
0,"(None, None)",19.84285714285714
0,"(None, None)",19.857142857142858
0,"(None, None)",19.87142857142857
0,"(None, None)",19.885714285714286
0,"(None, None)",19.9
0,"(None, None)",19.914285714285715
0,"(None, None)",19.928571428571427
0,"(None, None)",19.942857142857143
0,"(None, None)",19.957142857142856
0,"(None, None)",19.97142857142857
0,"(None, None)",19.985714285714284
0,"(None, None)",20.0
0,"(None, None)",20.014285714285712
0,"(None, None)",20.02857142857143
0,"(None, None)",20.04285714285714
0,"(None, None)",20.057142857142857
0,"(None, None)",20.07142857142857
0,"(None, None)",20.085714285714285
0,"(None, None)",20.099999999999998
0,"(None, None)",20.114285714285714
0,"(None, None)",20.128571428571426
0,"(None, None)",20.142857142857142
0,"(None, None)",20.157142857142855
0,"(None, None)",20.17142857142857
0,"(None, None)",20.185714285714287
0,"(None, None)",20.2
0,"(None, None)",20.214285714285715
0,"(None, None)",20.228571428571428
0,"(None, None)",20.242857142857144
0,"(None, None)",20.257142857142856
0,"(None, None)",20.271428571428572
0,"(None, None)",20.285714285714285
0,"(None, None)",20.3
0,"(None, None)",20.314285714285713
0,"(None, None)",20.32857142857143
0,"(None, None)",20.34285714285714
0,"(None, None)",20.357142857142858
0,"(None, None)",20.37142857142857
0,"(None, None)",20.385714285714286
0,"(None, None)",20.4
0,"(None, None)",20.414285714285715
0,"(None, None)",20.428571428571427
0,"(None, None)",20.442857142857143
0,"(None, None)",20.457142857142856
0,"(None, None)",20.47142857142857
0,"(None, None)",20.485714285714284
0,"(None, None)",20.5
0,"(None, None)",20.514285714285712
0,"(None, None)",20.52857142857143
0,"(None, None)",20.54285714285714
0,"(None, None)",20.557142857142857
0,"(None, None)",20.57142857142857
0,"(None, None)",20.585714285714285
0,"(None, None)",20.599999999999998
0,"(None, None)",20.614285714285714
0,"(None, None)",20.628571428571426
0,"(None, None)",20.642857142857142
0,"(None, None)",20.657142857142855
0,"(None, None)",20.67142857142857
0,"(None, None)",20.685714285714287
0,"(None, None)",20.7
0,"(None, None)",20.714285714285715
0,"(None, None)",20.728571428571428
0,"(None, None)",20.742857142857144
0,"(None, None)",20.757142857142856
0,"(None, None)",20.771428571428572
0,"(None, None)",20.785714285714285
0,"(None, None)",20.8
0,"(None, None)",20.814285714285713
0,"(None, None)",20.82857142857143
0,"(None, None)",20.84285714285714
0,"(None, None)",20.857142857142858
0,"(None, None)",20.87142857142857
0,"(None, None)",20.885714285714286
0,"(None, None)",20.9
0,"(None, None)",20.914285714285715
0,"(None, None)",20.928571428571427
0,"(None, None)",20.942857142857143
0,"(None, None)",20.957142857142856
0,"(None, None)",20.97142857142857
0,"(None, None)",20.985714285714284
0,"(None, None)",21.0
0,"(None, None)",21.014285714285712
0,"(None, None)",21.02857142857143
0,"(None, None)",21.04285714285714
0,"(None, None)",21.057142857142857
0,"(None, None)",21.07142857142857
0,"(None, None)",21.085714285714285
0,"(None, None)",21.099999999999998
0,"(None, None)",21.114285714285714
0,"(None, None)",21.128571428571426
0,"(None, None)",21.142857142857142
0,"(None, None)",21.157142857142855
0,"(None, None)",21.17142857142857
0,"(None, None)",21.185714285714283
0,"(None, None)",21.2
0,"(None, None)",21.214285714285715
0,"(None, None)",21.228571428571428
0,"(None, None)",21.242857142857144
0,"(None, None)",21.257142857142856
0,"(None, None)",21.271428571428572
0,"(None, None)",21.285714285714285
0,"(None, None)",21.3
0,"(None, None)",21.314285714285713
0,"(None, None)",21.32857142857143
0,"(None, None)",21.34285714285714
0,"(None, None)",21.357142857142858
0,"(None, None)",21.37142857142857
0,"(None, None)",21.385714285714286
0,"(None, None)",21.4
0,"(None, None)",21.414285714285715
0,"(None, None)",21.428571428571427
0,"(None, None)",21.442857142857143
0,"(None, None)",21.457142857142856
0,"(None, None)",21.47142857142857
0,"(None, None)",21.485714285714284
0,"(None, None)",21.5
0,"(None, None)",21.514285714285712
0,"(None, None)",21.52857142857143
0,"(None, None)",21.54285714285714
0,"(None, None)",21.557142857142857
0,"(None, None)",21.57142857142857
0,"(None, None)",21.585714285714285
0,"(None, None)",21.599999999999998
0,"(None, None)",21.614285714285714
0,"(None, None)",21.628571428571426
0,"(None, None)",21.642857142857142
0,"(None, None)",21.657142857142855
0,"(None, None)",21.67142857142857
0,"(None, None)",21.685714285714283
0,"(None, None)",21.7
0,"(None, None)",21.714285714285715
0,"(None, None)",21.728571428571428
0,"(None, None)",21.742857142857144
0,"(None, None)",21.757142857142856
0,"(None, None)",21.771428571428572
0,"(None, None)",21.785714285714285
0,"(None, None)",21.8
0,"(None, None)",21.814285714285713
0,"(None, None)",21.82857142857143
0,"(None, None)",21.84285714285714
0,"(None, None)",21.857142857142858
0,"(None, None)",21.87142857142857
0,"(None, None)",21.885714285714286
0,"(None, None)",21.9
0,"(None, None)",21.914285714285715
0,"(None, None)",21.928571428571427
0,"(None, None)",21.942857142857143
0,"(None, None)",21.957142857142856
0,"(None, None)",21.97142857142857
0,"(None, None)",21.985714285714284
0,"(None, None)",22.0
0,"(None, None)",22.014285714285712
0,"(None, None)",22.02857142857143
0,"(None, None)",22.04285714285714
0,"(None, None)",22.057142857142857
0,"(None, None)",22.07142857142857
0,"(None, None)",22.085714285714285
0,"(None, None)",22.099999999999998
0,"(None, None)",22.114285714285714
0,"(None, None)",22.128571428571426
0,"(None, None)",22.142857142857142
0,"(None, None)",22.157142857142855
0,"(None, None)",22.17142857142857
0,"(None, None)",22.185714285714283
0,"(None, None)",22.2
0,"(None, None)",22.214285714285715
0,"(None, None)",22.228571428571428
0,"(None, None)",22.242857142857144
0,"(None, None)",22.257142857142856
0,"(None, None)",22.271428571428572
0,"(None, None)",22.285714285714285
0,"(None, None)",22.3
0,"(None, None)",22.314285714285713
0,"(None, None)",22.32857142857143
0,"(None, None)",22.34285714285714
0,"(None, None)",22.357142857142858
0,"(None, None)",22.37142857142857
0,"(None, None)",22.385714285714286
0,"(None, None)",22.4
0,"(None, None)",22.414285714285715
0,"(None, None)",22.428571428571427
0,"(None, None)",22.442857142857143
0,"(None, None)",22.457142857142856
0,"(None, None)",22.47142857142857
0,"(None, None)",22.485714285714284
0,"(None, None)",22.5
0,"(None, None)",22.514285714285712
0,"(None, None)",22.52857142857143
0,"(None, None)",22.54285714285714
0,"(None, None)",22.557142857142857
0,"(None, None)",22.57142857142857
0,"(None, None)",22.585714285714285
0,"(None, None)",22.599999999999998
0,"(None, None)",22.614285714285714
0,"(None, None)",22.628571428571426
0,"(None, None)",22.642857142857142
0,"(None, None)",22.657142857142855
0,"(None, None)",22.67142857142857
0,"(None, None)",22.685714285714283
0,"(None, None)",22.7
0,"(None, None)",22.714285714285715
0,"(None, None)",22.728571428571428
0,"(None, None)",22.742857142857144
0,"(None, None)",22.757142857142856
0,"(None, None)",22.771428571428572
0,"(None, None)",22.785714285714285
0,"(None, None)",22.8
0,"(None, None)",22.814285714285713
0,"(None, None)",22.82857142857143
0,"(None, None)",22.84285714285714
0,"(None, None)",22.857142857142858
0,"(None, None)",22.87142857142857
0,"(None, None)",22.885714285714286
0,"(None, None)",22.9
0,"(None, None)",22.914285714285715
0,"(None, None)",22.928571428571427
0,"(None, None)",22.942857142857143
0,"(None, None)",22.957142857142856
0,"(None, None)",22.97142857142857
0,"(None, None)",22.985714285714284
0,"(None, None)",23.0
0,"(None, None)",23.014285714285712
0,"(None, None)",23.02857142857143
0,"(None, None)",23.04285714285714
0,"(None, None)",23.057142857142857
0,"(None, None)",23.07142857142857
0,"(None, None)",23.085714285714285
0,"(None, None)",23.099999999999998
0,"(None, None)",23.114285714285714
0,"(None, None)",23.128571428571426
0,"(None, None)",23.142857142857142
0,"(None, None)",23.157142857142855
0,"(None, None)",23.17142857142857
0,"(None, None)",23.185714285714283
0,"(None, None)",23.2
0,"(None, None)",23.214285714285715
0,"(None, None)",23.228571428571428
0,"(None, None)",23.242857142857144
0,"(None, None)",23.257142857142856
0,"(None, None)",23.271428571428572
0,"(None, None)",23.285714285714285
0,"(None, None)",23.3
0,"(None, None)",23.314285714285713
0,"(None, None)",23.32857142857143
0,"(None, None)",23.34285714285714
0,"(None, None)",23.357142857142858
0,"(None, None)",23.37142857142857
0,"(None, None)",23.385714285714286
0,"(None, None)",23.4
0,"(None, None)",23.414285714285715
0,"(None, None)",23.428571428571427
0,"(None, None)",23.442857142857143
0,"(None, None)",23.457142857142856
0,"(None, None)",23.47142857142857
0,"(None, None)",23.485714285714284
0,"(None, None)",23.5
0,"(None, None)",23.514285714285712
0,"(None, None)",23.52857142857143
0,"(None, None)",23.54285714285714
0,"(None, None)",23.557142857142857
0,"(None, None)",23.57142857142857
0,"(None, None)",23.585714285714285
0,"(None, None)",23.599999999999998
0,"(None, None)",23.614285714285714
0,"(None, None)",23.628571428571426
0,"(None, None)",23.642857142857142
0,"(None, None)",23.657142857142855
0,"(None, None)",23.67142857142857
0,"(None, None)",23.685714285714283
0,"(None, None)",23.7
0,"(None, None)",23.714285714285715
0,"(None, None)",23.728571428571428
0,"(None, None)",23.742857142857144
0,"(None, None)",23.757142857142856
0,"(None, None)",23.771428571428572
0,"(None, None)",23.785714285714285
0,"(None, None)",23.8
0,"(None, None)",23.814285714285713
0,"(None, None)",23.82857142857143
0,"(None, None)",23.84285714285714
0,"(None, None)",23.857142857142858
0,"(None, None)",23.87142857142857
0,"(None, None)",23.885714285714286
0,"(None, None)",23.9
0,"(None, None)",23.914285714285715
0,"(None, None)",23.928571428571427
0,"(None, None)",23.942857142857143
0,"(None, None)",23.957142857142856
0,"(None, None)",23.97142857142857
0,"(None, None)",23.985714285714284
0,"(None, None)",24.0
0,"(None, None)",24.014285714285712
0,"(None, None)",24.02857142857143
0,"(None, None)",24.04285714285714
0,"(None, None)",24.057142857142857
0,"(None, None)",24.07142857142857
0,"(None, None)",24.085714285714285
0,"(None, None)",24.099999999999998
0,"(None, None)",24.114285714285714
0,"(None, None)",24.128571428571426
0,"(None, None)",24.142857142857142
0,"(None, None)",24.157142857142855
0,"(None, None)",24.17142857142857
0,"(None, None)",24.185714285714283
0,"(None, None)",24.2
0,"(None, None)",24.214285714285715
0,"(None, None)",24.228571428571428
0,"(None, None)",24.242857142857144
0,"(None, None)",24.257142857142856
0,"(None, None)",24.271428571428572
0,"(None, None)",24.285714285714285
0,"(None, None)",24.3
0,"(None, None)",24.314285714285713
0,"(None, None)",24.32857142857143
0,"(None, None)",24.34285714285714
0,"(None, None)",24.357142857142858
0,"(None, None)",24.37142857142857
0,"(None, None)",24.385714285714286
0,"(None, None)",24.4
0,"(None, None)",24.414285714285715
0,"(None, None)",24.428571428571427
0,"(None, None)",24.442857142857143
0,"(None, None)",24.457142857142856
0,"(None, None)",24.47142857142857
0,"(None, None)",24.485714285714284
0,"(None, None)",24.5
0,"(None, None)",24.514285714285712
0,"(None, None)",24.52857142857143
0,"(None, None)",24.54285714285714
0,"(None, None)",24.557142857142857
0,"(None, None)",24.57142857142857
0,"(None, None)",24.585714285714285
0,"(None, None)",24.599999999999998
0,"(None, None)",24.614285714285714
0,"(None, None)",24.628571428571426
0,"(None, None)",24.642857142857142
0,"(None, None)",24.657142857142855
0,"(None, None)",24.67142857142857
0,"(None, None)",24.685714285714283
0,"(None, None)",24.7
0,"(None, None)",24.71428571428571
0,"(None, None)",24.728571428571428
0,"(None, None)",24.742857142857144
0,"(None, None)",24.757142857142856
0,"(None, None)",24.771428571428572
0,"(None, None)",24.785714285714285
0,"(None, None)",24.8
0,"(None, None)",24.814285714285713
0,"(None, None)",24.82857142857143
0,"(None, None)",24.84285714285714
0,"(None, None)",24.857142857142858
0,"(None, None)",24.87142857142857
0,"(None, None)",24.885714285714286
0,"(None, None)",24.9
0,"(None, None)",24.914285714285715
0,"(None, None)",24.928571428571427
0,"(None, None)",24.942857142857143
0,"(None, None)",24.957142857142856
0,"(None, None)",24.97142857142857
0,"(None, None)",24.985714285714284
0,"(None, None)",25.0
0,"(None, None)",25.014285714285712
0,"(None, None)",25.02857142857143
0,"(None, None)",25.04285714285714
0,"(None, None)",25.057142857142857
0,"(None, None)",25.07142857142857
0,"(None, None)",25.085714285714285
0,"(None, None)",25.099999999999998
0,"(None, None)",25.114285714285714
0,"(None, None)",25.128571428571426
0,"(None, None)",25.142857142857142
0,"(None, None)",25.157142857142855
0,"(None, None)",25.17142857142857
0,"(None, None)",25.185714285714283
0,"(None, None)",25.2
0,"(None, None)",25.21428571428571
0,"(None, None)",25.228571428571428
0,"(None, None)",25.242857142857144
0,"(None, None)",25.257142857142856
0,"(None, None)",25.271428571428572
0,"(None, None)",25.285714285714285
0,"(None, None)",25.3
0,"(None, None)",25.314285714285713
0,"(None, None)",25.32857142857143
0,"(None, None)",25.34285714285714
0,"(None, None)",25.357142857142858
0,"(None, None)",25.37142857142857
0,"(None, None)",25.385714285714286
0,"(None, None)",25.4
0,"(None, None)",25.414285714285715
0,"(None, None)",25.428571428571427
0,"(None, None)",25.442857142857143
0,"(None, None)",25.457142857142856
0,"(None, None)",25.47142857142857
0,"(None, None)",25.485714285714284
0,"(None, None)",25.5
0,"(None, None)",25.514285714285712
0,"(None, None)",25.52857142857143
0,"(None, None)",25.54285714285714
0,"(None, None)",25.557142857142857
0,"(None, None)",25.57142857142857
0,"(None, None)",25.585714285714285
0,"(None, None)",25.599999999999998
0,"(None, None)",25.614285714285714
0,"(None, None)",25.628571428571426
0,"(None, None)",25.642857142857142
0,"(None, None)",25.657142857142855
0,"(None, None)",25.67142857142857
0,"(None, None)",25.685714285714283
0,"(None, None)",25.7
0,"(None, None)",25.71428571428571
0,"(None, None)",25.728571428571428
0,"(None, None)",25.742857142857144
0,"(None, None)",25.757142857142856
0,"(None, None)",25.771428571428572
0,"(None, None)",25.785714285714285
0,"(None, None)",25.8
0,"(None, None)",25.814285714285713
0,"(None, None)",25.82857142857143
0,"(None, None)",25.84285714285714
0,"(None, None)",25.857142857142858
0,"(None, None)",25.87142857142857
0,"(None, None)",25.885714285714286
0,"(None, None)",25.9
0,"(None, None)",25.914285714285715
0,"(None, None)",25.928571428571427
0,"(None, None)",25.942857142857143
0,"(None, None)",25.957142857142856
0,"(None, None)",25.97142857142857
0,"(None, None)",25.985714285714284
0,"(None, None)",26.0
0,"(None, None)",26.014285714285712
0,"(None, None)",26.02857142857143
0,"(None, None)",26.04285714285714
0,"(None, None)",26.057142857142857
0,"(None, None)",26.07142857142857
0,"(None, None)",26.085714285714285
0,"(None, None)",26.099999999999998
0,"(None, None)",26.114285714285714
0,"(None, None)",26.128571428571426
0,"(None, None)",26.142857142857142
0,"(None, None)",26.157142857142855
0,"(None, None)",26.17142857142857
0,"(None, None)",26.185714285714283
0,"(None, None)",26.2
0,"(None, None)",26.21428571428571
0,"(None, None)",26.228571428571428
0,"(None, None)",26.242857142857144
0,"(None, None)",26.257142857142856
0,"(None, None)",26.271428571428572
0,"(None, None)",26.285714285714285
0,"(None, None)",26.3
0,"(None, None)",26.314285714285713
0,"(None, None)",26.32857142857143
0,"(None, None)",26.34285714285714
0,"(None, None)",26.357142857142858
0,"(None, None)",26.37142857142857
0,"(None, None)",26.385714285714286
0,"(None, None)",26.4
0,"(None, None)",26.414285714285715
0,"(None, None)",26.428571428571427
0,"(None, None)",26.442857142857143
0,"(None, None)",26.457142857142856
0,"(None, None)",26.47142857142857
0,"(None, None)",26.485714285714284
0,"(None, None)",26.5
0,"(None, None)",26.514285714285712
0,"(None, None)",26.52857142857143
0,"(None, None)",26.54285714285714
0,"(None, None)",26.557142857142857
0,"(None, None)",26.57142857142857
0,"(None, None)",26.585714285714285
0,"(None, None)",26.599999999999998
0,"(None, None)",26.614285714285714
0,"(None, None)",26.628571428571426
0,"(None, None)",26.642857142857142
0,"(None, None)",26.657142857142855
0,"(None, None)",26.67142857142857
0,"(None, None)",26.685714285714283
0,"(None, None)",26.7
0,"(None, None)",26.71428571428571
0,"(None, None)",26.728571428571428
0,"(None, None)",26.742857142857144
0,"(None, None)",26.757142857142856
0,"(None, None)",26.771428571428572
0,"(None, None)",26.785714285714285
0,"(None, None)",26.8
0,"(None, None)",26.814285714285713
0,"(None, None)",26.82857142857143
0,"(None, None)",26.84285714285714
0,"(None, None)",26.857142857142858
0,"(None, None)",26.87142857142857
0,"(None, None)",26.885714285714286
0,"(None, None)",26.9
0,"(None, None)",26.914285714285715
1,"(16.97, 68.03)",26.928571428571427
0,"(None, None)",26.942857142857143
0,"(None, None)",26.957142857142856
0,"(None, None)",26.97142857142857
0,"(None, None)",26.985714285714284
0,"(None, None)",27.0
0,"(None, None)",27.014285714285712
0,"(None, None)",27.02857142857143
0,"(None, None)",27.04285714285714
0,"(None, None)",27.057142857142857
0,"(None, None)",27.07142857142857
0,"(None, None)",27.085714285714285
0,"(None, None)",27.099999999999998
0,"(None, None)",27.114285714285714
0,"(None, None)",27.128571428571426
0,"(None, None)",27.142857142857142
0,"(None, None)",27.157142857142855
0,"(None, None)",27.17142857142857
0,"(None, None)",27.185714285714283
0,"(None, None)",27.2
0,"(None, None)",27.21428571428571
0,"(None, None)",27.228571428571428
0,"(None, None)",27.242857142857144
0,"(None, None)",27.257142857142856
0,"(None, None)",27.271428571428572
0,"(None, None)",27.285714285714285
0,"(None, None)",27.3
0,"(None, None)",27.314285714285713
0,"(None, None)",27.32857142857143
0,"(None, None)",27.34285714285714
0,"(None, None)",27.357142857142858
0,"(None, None)",27.37142857142857
0,"(None, None)",27.385714285714286
0,"(None, None)",27.4
0,"(None, None)",27.414285714285715
0,"(None, None)",27.428571428571427
0,"(None, None)",27.442857142857143
0,"(None, None)",27.457142857142856
0,"(None, None)",27.47142857142857
0,"(None, None)",27.485714285714284
0,"(None, None)",27.5
0,"(None, None)",27.514285714285712
0,"(None, None)",27.52857142857143
0,"(None, None)",27.54285714285714
0,"(None, None)",27.557142857142857
0,"(None, None)",27.57142857142857
0,"(None, None)",27.585714285714285
0,"(None, None)",27.599999999999998
0,"(None, None)",27.614285714285714
0,"(None, None)",27.628571428571426
0,"(None, None)",27.642857142857142
0,"(None, None)",27.657142857142855
0,"(None, None)",27.67142857142857
0,"(None, None)",27.685714285714283
0,"(None, None)",27.7
0,"(None, None)",27.71428571428571
0,"(None, None)",27.728571428571428
0,"(None, None)",27.74285714285714
0,"(None, None)",27.757142857142856
0,"(None, None)",27.771428571428572
0,"(None, None)",27.785714285714285
0,"(None, None)",27.8
0,"(None, None)",27.814285714285713
0,"(None, None)",27.82857142857143
0,"(None, None)",27.84285714285714
0,"(None, None)",27.857142857142858
0,"(None, None)",27.87142857142857
0,"(None, None)",27.885714285714286
0,"(None, None)",27.9
0,"(None, None)",27.914285714285715
0,"(None, None)",27.928571428571427
0,"(None, None)",27.942857142857143
0,"(None, None)",27.957142857142856
0,"(None, None)",27.97142857142857
0,"(None, None)",27.985714285714284
0,"(None, None)",28.0
0,"(None, None)",28.014285714285712
0,"(None, None)",28.02857142857143
0,"(None, None)",28.04285714285714
0,"(None, None)",28.057142857142857
0,"(None, None)",28.07142857142857
0,"(None, None)",28.085714285714285
0,"(None, None)",28.099999999999998
0,"(None, None)",28.114285714285714
0,"(None, None)",28.128571428571426
0,"(None, None)",28.142857142857142
0,"(None, None)",28.157142857142855
0,"(None, None)",28.17142857142857
0,"(None, None)",28.185714285714283
0,"(None, None)",28.2
0,"(None, None)",28.21428571428571
0,"(None, None)",28.228571428571428
0,"(None, None)",28.24285714285714
0,"(None, None)",28.257142857142856
0,"(None, None)",28.271428571428572
0,"(None, None)",28.285714285714285
0,"(None, None)",28.3
0,"(None, None)",28.314285714285713
0,"(None, None)",28.32857142857143
0,"(None, None)",28.34285714285714
0,"(None, None)",28.357142857142858
0,"(None, None)",28.37142857142857
0,"(None, None)",28.385714285714286
0,"(None, None)",28.4
0,"(None, None)",28.414285714285715
0,"(None, None)",28.428571428571427
0,"(None, None)",28.442857142857143
0,"(None, None)",28.457142857142856
0,"(None, None)",28.47142857142857
0,"(None, None)",28.485714285714284
0,"(None, None)",28.5
0,"(None, None)",28.514285714285712
0,"(None, None)",28.52857142857143
0,"(None, None)",28.54285714285714
0,"(None, None)",28.557142857142857
0,"(None, None)",28.57142857142857
0,"(None, None)",28.585714285714285
0,"(None, None)",28.599999999999998
0,"(None, None)",28.614285714285714
0,"(None, None)",28.628571428571426
0,"(None, None)",28.642857142857142
0,"(None, None)",28.657142857142855
0,"(None, None)",28.67142857142857
0,"(None, None)",28.685714285714283
0,"(None, None)",28.7
0,"(None, None)",28.71428571428571
0,"(None, None)",28.728571428571428
0,"(None, None)",28.74285714285714
0,"(None, None)",28.757142857142856
0,"(None, None)",28.771428571428572
0,"(None, None)",28.785714285714285
0,"(None, None)",28.8
0,"(None, None)",28.814285714285713
0,"(None, None)",28.82857142857143
0,"(None, None)",28.84285714285714
0,"(None, None)",28.857142857142858
0,"(None, None)",28.87142857142857
0,"(None, None)",28.885714285714286
0,"(None, None)",28.9
0,"(None, None)",28.914285714285715
0,"(None, None)",28.928571428571427
0,"(None, None)",28.942857142857143
0,"(None, None)",28.957142857142856
0,"(None, None)",28.97142857142857
0,"(None, None)",28.985714285714284
0,"(None, None)",29.0
0,"(None, None)",29.014285714285712
0,"(None, None)",29.02857142857143
0,"(None, None)",29.04285714285714
0,"(None, None)",29.057142857142857
0,"(None, None)",29.07142857142857
0,"(None, None)",29.085714285714285
0,"(None, None)",29.099999999999998
0,"(None, None)",29.114285714285714
0,"(None, None)",29.128571428571426
0,"(None, None)",29.142857142857142
0,"(None, None)",29.157142857142855
0,"(None, None)",29.17142857142857
0,"(None, None)",29.185714285714283
0,"(None, None)",29.2
0,"(None, None)",29.21428571428571
0,"(None, None)",29.228571428571428
0,"(None, None)",29.24285714285714
0,"(None, None)",29.257142857142856
0,"(None, None)",29.271428571428572
0,"(None, None)",29.285714285714285
0,"(None, None)",29.3
0,"(None, None)",29.314285714285713
0,"(None, None)",29.32857142857143
0,"(None, None)",29.34285714285714
0,"(None, None)",29.357142857142858
0,"(None, None)",29.37142857142857
0,"(None, None)",29.385714285714286
0,"(None, None)",29.4
0,"(None, None)",29.414285714285715
0,"(None, None)",29.428571428571427
0,"(None, None)",29.442857142857143
0,"(None, None)",29.457142857142856
0,"(None, None)",29.47142857142857
0,"(None, None)",29.485714285714284
0,"(None, None)",29.5
0,"(None, None)",29.514285714285712
0,"(None, None)",29.52857142857143
0,"(None, None)",29.54285714285714
0,"(None, None)",29.557142857142857
0,"(None, None)",29.57142857142857
0,"(None, None)",29.585714285714285
0,"(None, None)",29.599999999999998
0,"(None, None)",29.614285714285714
0,"(None, None)",29.628571428571426
0,"(None, None)",29.642857142857142
0,"(None, None)",29.657142857142855
0,"(None, None)",29.67142857142857
0,"(None, None)",29.685714285714283
0,"(None, None)",29.7
0,"(None, None)",29.71428571428571
0,"(None, None)",29.728571428571428
0,"(None, None)",29.74285714285714
0,"(None, None)",29.757142857142856
0,"(None, None)",29.771428571428572
0,"(None, None)",29.785714285714285
0,"(None, None)",29.8
0,"(None, None)",29.814285714285713
0,"(None, None)",29.82857142857143
0,"(None, None)",29.84285714285714
0,"(None, None)",29.857142857142858
0,"(None, None)",29.87142857142857
0,"(None, None)",29.885714285714286
0,"(None, None)",29.9
0,"(None, None)",29.914285714285715
0,"(None, None)",29.928571428571427
0,"(None, None)",29.942857142857143
0,"(None, None)",29.957142857142856
0,"(None, None)",29.97142857142857
0,"(None, None)",29.985714285714284
0,"(None, None)",30.0
0,"(None, None)",30.014285714285712
0,"(None, None)",30.02857142857143
0,"(None, None)",30.04285714285714
0,"(None, None)",30.057142857142857
0,"(None, None)",30.07142857142857
0,"(None, None)",30.085714285714285
0,"(None, None)",30.099999999999998
0,"(None, None)",30.114285714285714
0,"(None, None)",30.128571428571426
0,"(None, None)",30.142857142857142
0,"(None, None)",30.157142857142855
0,"(None, None)",30.17142857142857
0,"(None, None)",30.185714285714283
0,"(None, None)",30.2
0,"(None, None)",30.21428571428571
0,"(None, None)",30.228571428571428
0,"(None, None)",30.24285714285714
0,"(None, None)",30.257142857142856
0,"(None, None)",30.271428571428572
0,"(None, None)",30.285714285714285
0,"(None, None)",30.3
0,"(None, None)",30.314285714285713
0,"(None, None)",30.32857142857143
0,"(None, None)",30.34285714285714
0,"(None, None)",30.357142857142858
0,"(None, None)",30.37142857142857
0,"(None, None)",30.385714285714286
0,"(None, None)",30.4
0,"(None, None)",30.414285714285715
0,"(None, None)",30.428571428571427
0,"(None, None)",30.442857142857143
0,"(None, None)",30.457142857142856
0,"(None, None)",30.47142857142857
0,"(None, None)",30.485714285714284
0,"(None, None)",30.5
0,"(None, None)",30.514285714285712
0,"(None, None)",30.52857142857143
0,"(None, None)",30.54285714285714
0,"(None, None)",30.557142857142857
0,"(None, None)",30.57142857142857
0,"(None, None)",30.585714285714285
0,"(None, None)",30.599999999999998
0,"(None, None)",30.614285714285714
0,"(None, None)",30.628571428571426
0,"(None, None)",30.642857142857142
0,"(None, None)",30.657142857142855
0,"(None, None)",30.67142857142857
0,"(None, None)",30.685714285714283
0,"(None, None)",30.7
0,"(None, None)",30.71428571428571
0,"(None, None)",30.728571428571428
0,"(None, None)",30.74285714285714
0,"(None, None)",30.757142857142856
0,"(None, None)",30.771428571428572
0,"(None, None)",30.785714285714285
0,"(None, None)",30.8
0,"(None, None)",30.814285714285713
0,"(None, None)",30.82857142857143
0,"(None, None)",30.84285714285714
0,"(None, None)",30.857142857142858
0,"(None, None)",30.87142857142857
0,"(None, None)",30.885714285714286
0,"(None, None)",30.9
0,"(None, None)",30.914285714285715
0,"(None, None)",30.928571428571427
0,"(None, None)",30.942857142857143
0,"(None, None)",30.957142857142856
0,"(None, None)",30.97142857142857
0,"(None, None)",30.985714285714284
0,"(None, None)",31.0
0,"(None, None)",31.014285714285712
0,"(None, None)",31.02857142857143
0,"(None, None)",31.04285714285714
0,"(None, None)",31.057142857142857
0,"(None, None)",31.07142857142857
0,"(None, None)",31.085714285714285
0,"(None, None)",31.099999999999998
0,"(None, None)",31.114285714285714
0,"(None, None)",31.128571428571426
0,"(None, None)",31.142857142857142
0,"(None, None)",31.157142857142855
0,"(None, None)",31.17142857142857
0,"(None, None)",31.185714285714283
0,"(None, None)",31.2
0,"(None, None)",31.21428571428571
0,"(None, None)",31.228571428571428
0,"(None, None)",31.24285714285714
0,"(None, None)",31.257142857142856
0,"(None, None)",31.27142857142857
0,"(None, None)",31.285714285714285
0,"(None, None)",31.3
0,"(None, None)",31.314285714285713
0,"(None, None)",31.32857142857143
0,"(None, None)",31.34285714285714
0,"(None, None)",31.357142857142858
0,"(None, None)",31.37142857142857
0,"(None, None)",31.385714285714286
0,"(None, None)",31.4
0,"(None, None)",31.414285714285715
0,"(None, None)",31.428571428571427
0,"(None, None)",31.442857142857143
0,"(None, None)",31.457142857142856
0,"(None, None)",31.47142857142857
0,"(None, None)",31.485714285714284
0,"(None, None)",31.5
0,"(None, None)",31.514285714285712
0,"(None, None)",31.52857142857143
0,"(None, None)",31.54285714285714
0,"(None, None)",31.557142857142857
0,"(None, None)",31.57142857142857
0,"(None, None)",31.585714285714285
0,"(None, None)",31.599999999999998
0,"(None, None)",31.614285714285714
0,"(None, None)",31.628571428571426
0,"(None, None)",31.642857142857142
0,"(None, None)",31.657142857142855
0,"(None, None)",31.67142857142857
0,"(None, None)",31.685714285714283
0,"(None, None)",31.7
