frame,timestamp (s),inference (ms),preprocess (ms),postprocess (ms)
0,0.014285714285714285,5.017599998609512,1.6622000002826098,0.8034999991650693
1,0.02857142857142857,3.9869000011094613,0.525999999808846,0.33520000033604447
2,0.04285714285714286,5.425900000773254,0.24570000095991418,0.3245999996579485
3,0.05714285714285714,4.643299998861039,0.2504999993107049,0.2653999999893131
4,0.07142857142857142,4.48569999934989,0.264600001173676,0.27749999935622327
5,0.08571428571428572,3.584199999750126,0.29939999876660295,0.24909999956435058
6,0.09999999999999999,3.211100000044098,0.23180000061984174,0.25350000032631215
7,0.11428571428571428,4.340299999967101,0.2800999991450226,0.2662999995663995
8,0.12857142857142856,4.402700000355253,0.2496999986760784,0.25910000113071874
9,0.14285714285714285,4.624100000000908,0.25180000011459924,0.25659999846538994
10,0.15714285714285714,4.707400001279893,0.22109999918029644,0.29320000066945795
11,0.17142857142857143,3.523200000927318,0.25160000041069,0.2958000004582573
12,0.18571428571428572,3.162000000884291,0.23979999969014898,0.2525999989302363
13,0.19999999999999998,2.8430000002117595,0.2511000002414221,0.24340000163647346
14,0.21428571428571427,5.524600001081126,0.28869999914604705,0.32929999906627927
15,0.22857142857142856,12.338399999862304,0.41989999954239465,0.31569999919156544
16,0.24285714285714285,4.808199999388307,0.27410000075178687,0.2643000007083174
17,0.2571428571428571,12.833900000259746,0.3508000008878298,0.2936000000772765
18,0.2714285714285714,8.498900000631693,0.3142000005027512,0.3133999998681247
19,0.2857142857142857,12.613599999895087,0.25269999969168566,0.3226999997423263
20,0.3,3.444300000410294,0.29150000045774505,0.2913999996962957
21,0.3142857142857143,4.081099999893922,0.23640000108571257,0.2822999995260034
22,0.32857142857142857,3.6518999986583367,0.23130000045057386,0.2717000006668968
23,0.34285714285714286,3.22030000097584,0.2756000012595905,0.2776000001176726
24,0.35714285714285715,4.808400000911206,0.28360000032989774,0.26679999973566737
25,0.37142857142857144,3.5010000010515796,0.2274999988003401,0.25459999960730784
26,0.3857142857142857,4.2090000006282935,0.22230000104173087,0.3152999997837469
27,0.39999999999999997,3.9228000005095964,0.3560999994078884,0.2857999988918891
28,0.41428571428571426,10.888499999055057,0.3469000002951361,0.31089999902178533
29,0.42857142857142855,13.129500001014094,0.37370000063674524,0.29400000130408444
30,0.44285714285714284,9.550499999022577,0.31709999893791974,0.35819999902741984
31,0.45714285714285713,13.757500000792788,0.3152999997837469,0.2972999991470715
32,0.4714285714285714,8.643900000606664,0.3073999996558996,0.35630000093078706
33,0.4857142857142857,10.671100000763545,0.3211999992345227,0.3324999997857958
34,0.5,3.5647000004246365,0.27829999999084976,0.24850000045262277
35,0.5142857142857142,2.9477999996743165,0.2920000006270129,0.26310000066587236
36,0.5285714285714286,4.833699998926022,0.25549999918439426,0.25599999935366213
37,0.5428571428571428,6.537600000228849,0.2506000000721542,0.27319999935571104
38,0.5571428571428572,7.796899999448215,0.2882999997382285,0.39760000072419643
39,0.5714285714285714,14.37669999904756,0.3649000009318115,0.42079999911948107
40,0.5857142857142857,11.014900001100614,0.4210999995848397,0.32219999957305845
41,0.6,12.117799999032286,0.32169999940379057,0.3242999991925899
42,0.6142857142857142,10.243599999739672,0.2996000002895016,0.2856999999494292
43,0.6285714285714286,3.3994000004895497,0.23969999892869964,0.24159999884432182
44,0.6428571428571428,3.2187999986490468,0.2303000001120381,0.23529999998572748
45,0.6571428571428571,3.568099999029073,0.24329999905603472,0.25779999850783497
46,0.6714285714285714,3.5903000007238006,0.2454999994370155,0.24730000041017774
47,0.6857142857142857,4.034800000226824,0.20640000002458692,0.25439999990339857
48,0.7,7.347300001129042,0.2764999990176875,0.28899999961140566
49,0.7142857142857143,7.303600001250743,0.3094000003329711,0.30619999961345457
50,0.7285714285714285,9.63690000025963,0.3298999999969965,0.3459999988990603
51,0.7428571428571429,11.4080000003014,0.2834999995684484,0.2984000002470566
52,0.7571428571428571,10.998300000210293,0.3175000001647277,0.3130999994027661
53,0.7714285714285714,9.25910000114527,0.2913000007538358,0.33009999970090576
54,0.7857142857142857,10.883699998885277,0.2932999996119179,0.29490000088117085
55,0.7999999999999999,15.291900001102476,0.4227999997965526,0.32760000067355577
56,0.8142857142857143,5.01079999958165,0.28949999978067353,0.2795000000332948
57,0.8285714285714285,4.584000000249944,0.23209999926621094,0.26170000091951806
58,0.8428571428571429,4.857699999774923,0.20790000053239055,0.2852000015991507
59,0.8571428571428571,7.21970000086003,0.28019999990647193,0.258100000792183
60,0.8714285714285714,5.555899999308167,0.2685999988898402,0.3405999996175524
61,0.8857142857142857,13.521500000933884,0.2893999990192242,0.3431000004638918
62,0.9,11.077300001488766,0.3639999995357357,0.3187000002071727
63,0.9142857142857143,9.621400000469293,0.31599999965692405,0.31880000096862204
64,0.9285714285714285,5.818199999339413,0.2694000013434561,0.316400000883732
65,0.9428571428571428,7.046700000501005,0.3845999999612104,0.31799999851500615
66,0.9571428571428571,10.17399999909685,0.4504000007727882,0.3785999997489853
67,0.9714285714285714,8.31319999997504,0.28030000066792127,0.30420000075537246
68,0.9857142857142857,5.120200001329067,0.3268999989813892,0.2888999988499563
69,1.0,7.134299999961513,0.3329999999550637,0.3219999998691492
70,1.0142857142857142,4.993000000467873,0.2885000012611272,0.25099999947997276
71,1.0285714285714285,4.60190000012517,0.2747999988059746,0.31379999927594326
72,1.042857142857143,3.60019999970973,0.33009999970090576,0.27210000007471535
73,1.0571428571428572,17.634200001339195,0.29349999931582715,0.33679999978630804
74,1.0714285714285714,12.025599999105907,0.4005999999208143,0.38360000144166406
75,1.0857142857142856,11.933100000533159,0.34159999995608814,0.3378000001248438
76,1.0999999999999999,10.949599998639314,0.32929999906627927,0.3162000011798227
77,1.1142857142857143,5.003199999919161,0.27910000062547624,0.32479999936185777
78,1.1285714285714286,6.614100000660983,0.30220000007830095,0.3663000006781658
79,1.1428571428571428,3.909600000042701,0.2901999996538507,0.33070000063162297
80,1.157142857142857,4.112900000109221,0.2550999997765757,0.25939999977708794
81,1.1714285714285715,4.2864999995799735,0.21379999998316634,0.27630000113276765
82,1.1857142857142857,3.922699999748147,0.3026999984285794,0.25909999931172933
83,1.2,8.688699999765959,0.287499999103602,0.3913000000466127
84,1.2142857142857142,8.84070000029169,0.3032000004168367,0.3515999997034669
85,1.2285714285714284,11.03759999932663,0.261799999861978,0.3473999986454146
86,1.2428571428571429,10.551100000157021,0.38189999941096175,0.3601000007620314
87,1.2571428571428571,15.408900000693393,0.5185999998502666,0.35430000025371555
88,1.2714285714285714,4.20500000109314,0.33830000029411167,0.27829999999084976
89,1.2857142857142856,9.074999999938882,0.32169999940379057,0.3268000000389293
90,1.3,5.960399999821675,0.2963999995699851,0.27039999986300245
91,1.3142857142857143,5.27190000138944,0.2356000004510861,0.24430000121355988
92,1.3285714285714285,4.266799998731585,0.23980000150913838,0.24879999909899198
93,1.3428571428571427,3.9992000001802808,0.2213000007031951,0.2440999996906612
94,1.3571428571428572,3.1490999990637647,0.19280000014987309,0.23630000032426324
95,1.3714285714285714,4.362199999377481,0.27829999999084976,0.281300001006457
96,1.3857142857142857,9.653200000684592,0.32810000084282365,0.3280000000813743
97,1.4,9.688100000857958,0.31740000122226775,0.29429999995045364
98,1.4142857142857141,10.745399998995708,0.37650000012945384,0.41740000051504467
99,1.4285714285714286,11.593499999435153,0.26649999927030876,0.30479999986710027
100,1.4428571428571428,8.867700000337209,0.28899999961140566,0.29999999969732016
101,1.457142857142857,8.29650000014226,0.2868000010494143,0.2841000004991656
102,1.4714285714285713,7.879700000557932,0.24619999931019265,0.2223999999841908
103,1.4857142857142858,4.157800000029965,0.20589999985531904,0.2865999995265156
104,1.5,3.0870000009599607,0.2753000007942319,0.2646999982971465
105,1.5142857142857142,3.0005999997229083,0.2657000004546717,0.2392999995208811
106,1.5285714285714285,2.688799999305047,0.19889999930455815,0.23370000053546391
107,1.5428571428571427,3.8456000002042856,0.2917000001616543,0.2908000005845679
108,1.5571428571428572,7.996599999387399,0.4360000002634479,0.340900000082911
109,1.5714285714285714,12.418300000717863,0.3082000002905261,0.3226000007998664
110,1.5857142857142856,8.178300000508898,0.2868999999918742,0.30330000117828604
111,1.5999999999999999,5.69309999991674,0.32140000075742137,0.27770000087912194
112,1.6142857142857143,7.735399998637149,0.2975999996124301,0.28670000028796494
113,1.6285714285714286,10.034899998572655,0.3102999999100575,0.28790000033040997
114,1.6428571428571428,5.248299999948358,0.26419999994686805,0.29270000050019007
115,1.657142857142857,5.2627000004576985,0.2102999987982912,0.3041000018129125
116,1.6714285714285715,3.121399999145069,0.28930000007676426,0.2609000002848916
117,1.6857142857142857,2.8774999991583172,0.20050000057381112,0.23469999905501027
118,1.7,3.7895000004937174,0.20399999993969686,0.2550999997765757
119,1.7142857142857142,3.420900000492111,0.19950000023527537,0.24819999998726416
120,1.7285714285714284,3.3703000008245,0.26840000100492034,0.30079999851295725
121,1.7428571428571429,9.08999999955995,0.4167000006418675,0.32470000041939784
122,1.7571428571428571,8.742799998799455,0.21550000019487925,0.3013000005012145
123,1.7714285714285714,10.199599999396014,0.25119999918388203,0.3035000008821953
124,1.7857142857142856,13.62150000022666,0.3383999992365716,0.32619999910821207
125,1.8,11.75159999911557,0.2595999994809972,0.3121999998256797
126,1.8142857142857143,2.9596000003948575,0.3096000000368804,0.2722000008361647
127,1.8285714285714285,4.001599998446181,0.22419999913836364,0.25579999964975286
128,1.8428571428571427,2.7762000008806353,0.1984999998967396,0.24589999884483404
129,1.857142857142857,4.1132000005745795,0.26449999859323725,0.2449000003252877
130,1.8714285714285714,3.438700001424877,0.18710000040300656,0.23070000133884605
131,1.8857142857142857,3.622100000939099,0.2719000003708061,0.2807000000757398
132,1.9,9.518900000330177,0.36159999945084564,0.34980000054929405
133,1.9142857142857141,11.80720000047586,0.3544999999576248,0.2978000011353288
134,1.9285714285714286,12.975199999345932,0.5006999999750406,0.3742000008060131
135,1.9428571428571428,7.760399999824585,0.3789000002143439,0.34159999995608814
136,1.957142857142857,10.433000001285109,0.27179999960935675,0.2941999991890043
137,1.9714285714285713,12.952199998835567,0.2784000007522991,0.3386000007594703
138,1.9857142857142855,5.016799999793875,0.30329999935929663,0.2947000011772616
139,2.0,4.693199998655473,0.19559999964258168,0.25460000142629724
140,2.0142857142857142,3.134100001261686,0.249999999141437,0.23890000011306256
141,2.0285714285714285,3.823200000624638,0.23890000011306256,0.29100000028847717
142,2.0428571428571427,4.912500000500586,0.2265999992232537,0.3983000005973736
143,2.057142857142857,8.94460000017716,0.3663000006781658,0.3304999991087243
144,2.071428571428571,8.331400000315625,0.32920000012381934,0.31799999851500615
145,2.085714285714286,17.4007999994501,0.35600000046542846,0.35910000042349566
146,2.1,14.29680000001099,0.31289999969885685,0.32699999974283855
147,2.1142857142857143,9.618600000976585,0.3783000011026161,0.2974999988509808
148,2.1285714285714286,5.025500000556349,0.25689999893074855,0.2753000007942319
149,2.142857142857143,4.118900000321446,0.19830000019283034,0.28419999944162555
150,2.157142857142857,7.567999999082531,0.3159000007144641,0.308299999232986
151,2.1714285714285713,3.961399999752757,0.2275000006193295,0.24849999863363337
152,2.1857142857142855,3.100899999481044,0.22530000023834873,0.2296999991813209
153,2.1999999999999997,4.113799999686307,0.21410000044852495,0.26950000028591603
154,2.2142857142857144,8.83350000003702,0.30759999935980886,0.3077000001212582
155,2.2285714285714286,9.008600000015576,0.3316999991511693,0.32050000118033495
156,2.242857142857143,9.402800000316347,0.3242999991925899,0.3121999998256797
157,2.257142857142857,8.043899999393034,0.3362000006745802,0.330299999404815
158,2.2714285714285714,7.790599998770631,0.3459999988990603,0.31879999914963264
159,2.2857142857142856,8.335800001077587,0.2736999995249789,0.30870000045979396
160,2.3,7.303500000489294,0.28810000003431924,0.3148000014334684
161,2.314285714285714,4.056600000694743,0.22179999905347358,0.24710000070626847
162,2.3285714285714283,3.4113000001525506,0.2519000008760486,0.276099999609869
163,2.342857142857143,3.7074000010761665,0.26679999973566737,0.29100000028847717
164,2.357142857142857,2.6627000006556045,0.21410000044852495,0.2585000002000015
165,2.3714285714285714,3.103299999565934,0.19020000036107376,0.23260000125446822
166,2.3857142857142857,5.5506000007881084,0.24629999825265259,0.3065999990212731
167,2.4,11.619699998846045,0.4895999991276767,0.3085999996983446
168,2.414285714285714,6.693499999528285,0.31710000075690914,0.346200000421959
169,2.4285714285714284,12.129300001106458,0.37169999995967373,0.32020000071497634
170,2.4428571428571426,10.180799999943702,0.3526999989844626,0.3024000016011996
171,2.457142857142857,11.254499999267864,0.31829999898036476,0.2887999999074964
172,2.4714285714285715,7.69630000104371,0.2623000000312459,0.28869999914604705
173,2.4857142857142858,3.765600000406266,0.22400000125344377,0.2303000001120381
174,2.5,3.1185999996523606,0.2618000016809674,0.24670000129844993
175,2.5142857142857142,3.2768000000942266,0.20000000040454324,0.25209999876096845
176,2.5285714285714285,2.211600000009639,0.20399999993969686,0.24449999909847975
177,2.5428571428571427,6.004099999699974,0.27399999999033753,0.27629999931377824
178,2.557142857142857,4.515900000114925,0.2556999988883035,0.29830000130459666
179,2.571428571428571,10.272800000166171,0.3729999989445787,0.29999999969732016
180,2.585714285714286,5.837400000018533,0.26200000138487667,0.3723999998328509
181,2.6,12.50849999996717,0.2576000006229151,0.3248000011808472
182,2.6142857142857143,9.315600000263657,0.36220000038156286,0.338099998771213
183,2.6285714285714286,11.750800000299932,0.2894000008382136,0.3190000006725313
184,2.642857142857143,3.800000000410364,0.26509999952395447,0.2749999985098839
185,2.657142857142857,3.012499999385909,0.21840000044903718,0.24219999977503903
186,2.6714285714285713,4.1228999998566,0.2051999999821419,0.24670000129844993
187,2.6857142857142855,3.2000000010157237,0.2015999998548068,0.3054999997402774
188,2.6999999999999997,3.8800000002083834,0.2265999992232537,0.24290000146720558
189,2.7142857142857144,3.9131000012275763,0.23490000057790894,0.25830000049609225
190,2.7285714285714286,10.566900000412716,0.2705999995669117,0.33710000025166664
191,2.742857142857143,11.247399999774643,0.2626000004966045,0.3270999986852985
192,2.757142857142857,10.085099998832447,0.31010000020614825,0.3603000004659407
193,2.7714285714285714,8.249300000898074,0.280100000964012,0.29800000083923806
194,2.7857142857142856,10.775299999295385,0.31039999885251746,0.4062000007252209
195,2.8,9.242699999958859,0.30110000079730526,0.34270000105607323
196,2.814285714285714,9.222299999237293,0.29490000088117085,0.3479999995761318
197,2.8285714285714283,4.388400000607362,0.2729999996518018,0.26950000028591603
198,2.842857142857143,3.1650000000809086,0.25019999884534627,0.26980000075127464
199,2.857142857142857,3.418099999180413,0.27100000079371966,0.2663999985088594
200,2.8714285714285714,4.748800000015763,0.2646999982971465,0.26330000036978163
201,2.8857142857142857,3.537700000379118,0.19740000061574392,0.24499999926774763
202,2.9,4.052999998748419,0.29970000105095096,0.2718999985518167
203,2.914285714285714,10.171899999477318,0.342100000125356,0.29569999969680794
204,2.9285714285714284,17.44909999979427,0.340900000082911,0.34100000084436033
205,2.9428571428571426,8.565200001612538,0.3419999993639067,0.3280000000813743
206,2.957142857142857,12.352699999610195,0.4435999999259366,0.3662999988591764
207,2.9714285714285715,7.053400000586407,0.30920000062906183,0.29680000079679303
208,2.9857142857142858,5.154399999810266,0.2778999987640418,0.2795000000332948
209,3.0,6.207000000358676,0.24589999884483404,0.3321999993204372
210,3.0142857142857142,3.083199999309727,0.22080000053392723,0.25889999960782006
211,3.0285714285714285,2.1321000003808876,0.23580000015499536,0.20790000053239055
212,3.0428571428571427,4.04540000090492,0.2113999998982763,0.25570000070729293
213,3.057142857142857,6.3188999993144535,0.3223999992769677,0.34279999999853317
214,3.071428571428571,9.646700000303099,0.4076999994140351,0.34839999898395035
215,3.0857142857142854,9.346799999548239,0.2807000000757398,0.3171999996993691
216,3.1,7.994500001586857,0.3130000004603062,0.31659999876865186
217,3.1142857142857143,8.573499999329215,0.322900001265225,0.3451000011409633
218,3.1285714285714286,8.200899999792455,0.2533000006224029,0.31709999893791974
219,3.142857142857143,7.948300000862218,0.25180000011459924,0.2994999995280523
220,3.157142857142857,5.9000999990530545,0.24789999952190556,0.3206000001227949
221,3.1714285714285713,6.388699999661185,0.32900000041991007,0.3403999999136431
222,3.1857142857142855,3.4899999991466757,0.22019999960321002,0.32920000012381934
223,3.1999999999999997,3.172499998981948,0.25800000003073364,0.2643000007083174
224,3.214285714285714,3.194900000380585,0.21439999909489416,0.24189999930968042
225,3.2285714285714286,2.464999999574502,0.24190000112866983,0.24750000011408702
226,3.242857142857143,5.0004999993689125,0.23320000036619604,0.3603000004659407
227,3.257142857142857,10.041199999250239,0.6311000015557511,0.3606000009312993
228,3.2714285714285714,12.498699999923701,0.3023999997822102,0.34439999944879673
229,3.2857142857142856,7.7794999997422565,0.3531000002112705,0.35879999995813705
230,3.3,9.52320000033069,0.3538000000844477,0.3151000000798376
231,3.314285714285714,4.041700000016135,0.2328000009583775,0.25740000091900583
232,3.3285714285714283,11.253399999986868,0.27430000045569614,0.8515999998053303
233,3.342857142857143,3.1400999996549217,0.26619999880495016,0.4845000003115274
234,3.357142857142857,3.6522000009426847,0.19640000027720816,0.41430000055697747
235,3.3714285714285714,4.39389999883133,0.2285999999003252,0.4594999991240911
236,3.3857142857142857,3.7021999996795785,0.19449999854259659,0.43650000043271575
237,3.4,3.2896000011533033,0.2507999997760635,0.44469999920693226
238,3.414285714285714,12.2787000000244,0.2989999993587844,0.567600000067614
239,3.4285714285714284,9.620200000426848,0.3414999991946388,0.6090999995649327
240,3.4428571428571426,12.28850000006787,0.31909999961499125,0.5817999990540557
241,3.457142857142857,14.432699999815668,0.37119999979040585,0.6438000000343891
242,3.4714285714285715,5.621199999950477,0.3010000000358559,0.5168000006960938
243,3.4857142857142858,4.503500000282656,0.29489999906218145,0.45030000001133885
244,3.5,3.3588999995117774,0.24569999914092477,0.4403000002639601
245,3.5142857142857142,4.452799999853596,0.25120000100287143,0.47429999904125
246,3.5285714285714285,4.0275999999721535,0.2296999991813209,0.46800000018265564
247,3.5428571428571427,3.350299999510753,0.320099999953527,0.4562999984045746
248,3.557142857142857,8.532600000762613,0.3071999999519903,0.4941000006510876
249,3.571428571428571,11.225900001591071,0.22600000011152588,0.5768999999418156
250,3.5857142857142854,11.490599999888218,0.37960000008752104,0.5660000006173505
251,3.6,13.95539999975881,0.3309999992779922,0.5660999995598104
252,3.6142857142857143,11.250999999901978,0.3128000007563969,0.5643999993480975
253,3.6285714285714286,3.6421000004338566,0.2903000004153,0.49980000039795414
254,3.642857142857143,5.4180999995878665,0.24080000002868474,0.47429999904125
255,3.657142857142857,4.112399999939953,0.2389999990555225,0.4984999995940598
256,3.6714285714285713,4.035599999042461,0.22230000104173087,0.5107000015414087
257,3.6857142857142855,7.71080000049551,0.25599999935366213,0.6135000003268942
258,3.6999999999999997,13.35319999998319,0.3133000009256648,0.5176999984541908
259,3.714285714285714,9.781599999769242,0.35519999983080197,0.5748999992647441
260,3.7285714285714286,8.815899998808163,0.29910000012023374,0.5512000007001916
261,3.742857142857143,11.530800000400632,0.2555999999458436,0.50560000090627
262,3.757142857142857,3.3975999995163875,0.28620000011869706,0.45680000039283186
263,3.7714285714285714,2.786000000924105,0.18870000167225953,0.4036999998788815
264,3.7857142857142856,3.1281999999919208,0.17449999904783908,0.3971999994973885
265,3.8,2.962300000945106,0.240999999732594,0.38560000029974617
266,3.814285714285714,4.002800000307616,0.2389999990555225,0.42690000009315554
267,3.8285714285714283,3.717800000231364,0.2223999999841908,0.506499998664367
268,3.8428571428571425,8.85299999936251,0.2699999986361945,0.7146000007196562
269,3.857142857142857,7.213799999590265,0.25210000057995785,0.5469999996421393
270,3.8714285714285714,9.362700000565383,0.313599999572034,0.5897999999433523
271,3.8857142857142857,6.770699999833596,0.25550000100338366,0.5786999990959885
272,3.9,9.464400000069872,0.21980000019539148,0.5165999991731951
273,3.914285714285714,9.424199999557459,0.2500000009604264,0.5137999996804865
274,3.9285714285714284,6.805299999541603,0.2466000005370006,0.46239999937824905
275,3.9428571428571426,9.115799999563023,0.21999999989930075,0.5064000015408965
276,3.957142857142857,3.4120999989681877,0.2451999989716569,0.4243000003043562
277,3.971428571428571,4.494299999350915,0.19240000074205454,0.39260000085050706
278,3.9857142857142858,2.8139000005467096,0.23270000019692816,0.3741000000445638
279,4.0,3.601200000048266,0.21629999901051633,0.3986000010627322
280,4.014285714285714,4.360799999631126,0.17689999913272914,0.47869999980321154
281,4.0285714285714285,7.7020000007905765,0.2756000012595905,0.5406000000220956
282,4.042857142857143,9.391900000991882,0.30250000054365955,0.545599999895785
283,4.057142857142857,4.2424999992363155,0.1900000006571645,0.5355000012059463
284,4.071428571428571,9.84229999994568,0.2863000008801464,0.5725000009988435
285,4.085714285714285,9.220300000379211,0.27289999889035244,0.5493000007845694
286,4.1,9.22780000109924,0.2936000000772765,0.6319999993138481
287,4.114285714285714,9.310400000686059,0.29279999944265,0.47759999870322645
288,4.128571428571428,3.9675999996688915,0.2103000006172806,0.3935000004275935
289,4.142857142857142,4.340299999967101,0.18080000154441223,0.3935000004275935
290,4.157142857142857,3.685199999381439,0.23150000015448313,0.40470000021741726
291,4.171428571428572,3.9266999992833007,0.29600000016216654,0.39010000000416767
292,4.185714285714286,3.1547999988106312,0.24599999960628338,0.47529999937978573
293,4.2,3.643000000010943,0.21319999905244913,0.48070000048028305
294,4.214285714285714,9.753399999681278,0.2889000006689457,0.5364000007830327
295,4.228571428571429,6.826000000728527,0.225499999942258,0.6395999989763368
296,4.242857142857143,7.616900000357418,0.2784000007522991,0.566400000025169
297,4.257142857142857,10.269800000969553,0.3257000007579336,0.48749999950814527
298,4.271428571428571,5.560100000366219,0.2538999997341307,0.5335999994713347
299,4.285714285714286,10.416600000098697,0.3586999991966877,0.4971000016666949
300,4.3,2.946700000393321,0.33090000033553224,0.4275999999663327
301,4.314285714285714,3.3643000006122747,0.18799999998009298,0.383700000384124
302,4.328571428571428,2.8978000009374227,0.21209999977145344,0.2213000007031951
303,4.3428571428571425,3.2845999994606245,0.23539999892818742,0.42670000038924627
304,4.357142857142857,3.7556999996013474,0.21120000019436702,0.37229999907140154
305,4.371428571428571,3.719100001035258,0.2342000007047318,0.26699999943957664
306,4.385714285714285,9.347400000478956,0.3333999993628822,0.34899999991466757
307,4.3999999999999995,6.301399998847046,0.30249999872467015,0.33570000050531235
308,4.414285714285715,6.405300000551506,0.31659999876865186,0.34579999919515103
309,4.428571428571429,4.998299998987932,0.3015000002051238,0.29549999999289867
310,4.442857142857143,13.145900000381516,0.25939999977708794,0.3438000003370689
311,4.457142857142857,6.792799998947885,0.29100000028847717,0.3036999987671152
312,4.4714285714285715,6.844199999250122,0.307400001474889,0.2742000015132362
313,4.485714285714286,3.0750000005355105,0.24020000091695692,0.2389999990555225
314,4.5,4.400099998747464,0.22639999951934442,0.2382000002398854
315,4.514285714285714,3.903000000718748,0.185500000952743,0.23739999960525893
316,4.5285714285714285,2.794699999867589,0.19269999938842375,0.23040000087348744
317,4.542857142857143,3.063300000576419,0.21969999943394214,0.25069999901461415
318,4.557142857142857,12.229099998876336,0.3265000013925601,0.3428999989409931
319,4.571428571428571,9.815199999138713,0.28329999986453913,0.31180000041786116
320,4.585714285714285,7.696799999393988,0.25439999990339857,0.3126999999949476
321,4.6,9.020299999974668,0.2907999987655785,0.34079999932146166
322,4.614285714285714,6.981599999562604,0.3115999988949625,0.2933000014309073
323,4.628571428571428,7.945299999846611,0.2395999999862397,0.2727999999478925
324,4.642857142857142,3.7002000008214964,0.20679999943240546,0.25400000049558
325,4.657142857142857,4.087600000275415,0.23719999990134966,0.22839999837742653
326,4.671428571428572,3.42839999939315,0.1940000001923181,0.26869999965128954
327,4.685714285714286,3.785700000662473,0.2237999997305451,0.24299999859067611
328,4.7,3.1986000012693694,0.459999999293359,0.2316999998583924
329,4.714285714285714,2.351999999518739,0.28899999961140566,0.2635000000736909
330,4.728571428571429,6.8245000002207235,0.30930000139051117,0.34729999970295466
331,4.742857142857143,8.335400001669768,0.286600001345505,0.37739999970654026
332,4.757142857142857,6.894399999509915,0.2629000009619631,0.28980000024603214
333,4.771428571428571,8.605699998952332,0.2982000005431473,0.28139999994891696
334,4.785714285714286,9.001899999930174,0.2832000009220792,0.29579999863926787
335,4.8,10.691100000258302,0.29680000079679303,0.2796000007947441
336,4.814285714285714,3.1359999993583187,0.2902999985963106,0.2756000012595905
337,4.828571428571428,3.067699999519391,0.23920000057842117,0.2375999993091682
338,4.8428571428571425,3.2522000001335982,0.2587999988463707,0.24990000019897707
339,4.857142857142857,3.8870999997016042,0.1889000013761688,0.23809999947843608
340,4.871428571428571,2.645100001245737,0.23049999981594738,0.2330999996047467
341,4.885714285714285,2.9274000007717405,0.25939999977708794,0.2635000000736909
342,4.8999999999999995,8.471099999951548,0.3562000001693377,0.3344000015204074
343,4.914285714285714,10.307200000170269,0.3146999988530297,0.33830000029411167
344,4.928571428571429,8.723799999643234,0.2614999993966194,0.3025999994861195
345,4.942857142857143,3.8260999990598066,0.3333000004204223,0.3219999998691492
346,4.957142857142857,10.573800000202027,0.26219999926979654,0.2989000004163245
347,4.9714285714285715,5.577599999014637,0.26649999927030876,0.2812000002450077
348,4.985714285714286,6.736499999533407,0.24900000062189065,0.28020000172546133
349,5.0,4.458000001250184,0.2558999985922128,0.2624000007926952
350,5.014285714285714,3.668400000606198,0.1922999999806052,0.24329999905603472
351,5.0285714285714285,3.7639000001945533,0.2350999984628288,0.23529999998572748
352,5.042857142857143,2.9656999995495426,0.18350000027567148,0.23359999977401458
353,5.057142857142857,4.82440000087081,0.23700000019744039,0.2674000006663846
354,5.071428571428571,7.889499998782412,0.347400000464404,0.31180000041786116
355,5.085714285714285,5.537999999432941,0.3144999991491204,0.29270000050019007
356,5.1,7.509600000048522,0.3316999991511693,0.356399999873247
357,5.114285714285714,10.841400000572321,0.3374999996594852,0.3204000004188856
358,5.128571428571428,7.29719999981171,0.4896000009466661,0.3913000000466127
359,5.142857142857142,9.323499998572515,0.2989999993587844,0.25009999990288634
360,5.157142857142857,6.779899998946348,0.3102000009675976,0.2938999987236457
361,5.171428571428572,4.123599999729777,0.2641000010044081,0.26500000058149453
362,5.185714285714286,3.313999999591033,0.19020000036107376,0.24339999981748406
363,5.2,3.620900000896654,0.23379999947792385,0.24090000079013407
364,5.214285714285714,3.1316999993578065,0.19359999896551017,0.23630000032426324
365,5.228571428571429,3.172800001266296,0.2086000004055677,0.24149999990186188
366,5.242857142857143,4.685299998527626,0.23460000011255033,0.2686000007088296
367,5.257142857142857,6.192099999680067,0.29540000105043873,0.3469000002951361
368,5.271428571428571,9.211700000378187,0.31320000016421545,0.3313000015623402
369,5.285714285714286,9.533200000078068,0.2753000007942319,0.2961999998660758
370,5.3,10.449400000652531,0.30559999868273735,0.3001000004587695
371,5.314285714285714,12.500599999839324,0.37150000025576446,0.3080000005866168
372,5.328571428571428,9.683800000857445,0.35339999885763973,0.32470000041939784
373,5.3428571428571425,3.1553000007988885,0.20039999981236178,0.24080000002868474
374,5.357142857142857,3.3440999995946186,0.2362000013818033,0.27659999977913685
375,5.371428571428571,4.092600000149105,0.19919999976991676,0.2547000003687572
376,5.385714285714285,4.726699999082484,0.25120000100287143,0.26050000087707303
377,5.3999999999999995,6.555399999342626,0.3082000002905261,0.31880000096862204
378,5.414285714285714,13.497500000084983,0.29279999944265,0.31820000003790483
379,5.428571428571429,8.208100000047125,0.392699999792967,0.3051999992749188
380,5.442857142857143,9.137799999734852,0.2815999996528262,0.31239999952958897
381,5.457142857142857,9.610600000087288,0.27260000024398323,0.36360000012791716
382,5.4714285714285715,14.066200001252582,0.3589999996620463,0.32920000012381934
383,5.485714285714286,8.06419999935315,0.3096000000368804,0.3357999994477723
384,5.5,3.0958000006648945,0.21009999909438193,0.25260000074922573
385,5.514285714285714,3.549099999872851,0.2148000003217021,0.25349999850732274
386,5.5285714285714285,3.1957999999576714,0.2691999998205574,0.28589999965333845
387,5.542857142857143,3.1256999991455814,0.24029999985941686,0.24639999901410192
388,5.557142857142857,3.123799999229959,0.23779999901307747,0.246300000071642
389,5.571428571428571,3.7890000003244495,0.2504999993107049,0.27399999999033753
390,5.585714285714285,5.358000000342145,0.3476999991107732,0.2871999986382434
391,5.6,7.767199998852448,0.2967999989778036,0.283800000033807
392,5.614285714285714,8.258999998361105,0.3130999994027661,0.30669999978272244
393,5.628571428571428,7.751799999823561,0.2727999999478925,0.375900001017726
394,5.642857142857142,8.597099998951307,0.3863000001729233,0.3572000005078735
395,5.657142857142857,7.641299998795148,0.32439999995403923,0.31459999991056975
396,5.671428571428571,5.850099998497171,0.26869999965128954,0.3202999996574363
397,5.685714285714286,4.736799999591312,0.6311999986792216,0.26670000079320744
398,5.7,2.7566999997361563,0.2026999991358025,0.24090000079013407
399,5.714285714285714,3.9201999989018077,0.26000000070780516,0.2668000015546568
400,5.728571428571429,3.6889000002702232,0.18959999943035655,0.249999999141437
401,5.742857142857143,4.335400000854861,0.32169999940379057,0.2724999994825339
402,5.757142857142857,3.7956999985908624,0.23949999922479037,0.27349999982106965
403,5.771428571428571,8.004100000107428,0.2807000000757398,0.3010000000358559
404,5.785714285714286,12.870499998825835,0.2970000005007023,0.371899999663583
405,5.8,12.827499998820713,0.40070000068226364,0.3459999988990603
406,5.814285714285714,11.539200000697747,0.31709999893791974,0.3163999990647426
407,5.828571428571428,10.793899999043788,0.330299999404815,0.3385999989404809
408,5.8428571428571425,4.315500000302563,0.29119999999238644,0.2755999994406011
409,5.857142857142857,3.634700000475277,0.2378999997745268,0.2741999996942468
410,5.871428571428571,4.688799999712501,0.25749999986146577,0.28759999986505136
411,5.885714285714285,6.09219999932975,0.27860000045620836,0.2904999983002199
412,5.8999999999999995,14.730300001247087,0.4028000003017951,0.3204000004188856
413,5.914285714285714,16.23440000003029,0.32079999982670415,0.33289999919361435
414,5.928571428571429,10.733000000982429,0.36329999966255855,0.39010000000416767
415,5.942857142857143,8.883900000000722,0.3761000007216353,0.299299999824143
416,5.957142857142857,10.814299999765353,0.2466000005370006,0.31259999923349824
417,5.9714285714285715,3.349500000695116,0.26340000113123097,0.4840000001422595
418,5.985714285714286,5.417799999122508,0.22419999913836364,0.4763999986607814
419,6.0,4.433600000993465,0.21879999985685572,0.43550000009418
420,6.014285714285714,4.823799999940093,0.2488999998604413,0.46010000005480833
421,6.0285714285714285,4.704100001617917,0.4427999992913101,0.5583999991358723
422,6.042857142857143,9.429199999431148,0.3186000012647128,0.6298000007518567
423,6.057142857142857,14.262299999245442,0.3268000000389293,0.5330999993020669
424,6.071428571428571,8.593399999881512,0.3591999993659556,0.5447999992611585
425,6.085714285714285,10.83210000069812,0.2942000010079937,0.5392999992182013
426,6.1,10.28280000173254,0.3223000003345078,0.5555999996431638
427,6.114285714285714,12.563899999804562,0.2729999996518018,0.6107000008341856
428,6.128571428571428,16.572200000155135,0.32839999948919285,0.6171999993966892
429,6.142857142857142,15.186200000243844,0.3390000001672888,0.586000000112108
430,6.157142857142857,11.590300000534626,0.393899999835412,0.6547000011778437
431,6.171428571428571,11.877500000991859,0.3192000003764406,0.5397000004450092
432,6.185714285714286,6.841000000349595,0.35539999953471124,0.5993000013404526
433,6.2,8.608899999671848,0.31970000054570846,0.5000999990443233
434,6.214285714285714,10.69660000030126,0.2798999994411133,0.5516000001080101
435,6.228571428571429,3.7996999999450054,0.2548000011302065,0.5242000006546732
436,6.242857142857143,12.041500000123051,0.37180000072112307,0.5124999988765921
437,6.257142857142857,9.277300001485855,0.36189999991620425,0.5228000009083189
438,6.271428571428571,10.876000000280328,0.27399999999033753,0.6173000001581386
439,6.285714285714286,7.079799999701208,0.31859999944572337,0.5020000007789349
440,6.3,7.227800000691786,0.2537000000302214,0.6153000013000565
441,6.314285714285714,7.8300000004674075,0.25520000053802505,0.5137000007380266
442,6.328571428571428,6.932399999641348,0.26869999965128954,0.5825999996886821
443,6.3428571428571425,8.670100000017555,0.24739999935263768,0.5159999982424779
444,6.357142857142857,4.203600001346786,0.22960000023886096,0.4214000000501983
445,6.371428571428571,3.521799999361974,0.1965000010386575,0.4186000005574897
446,6.385714285714285,3.6008000006404473,0.23389999842038378,0.4085000000486616
447,6.3999999999999995,4.793599999175058,0.1934000010805903,0.4214999989926582
448,6.414285714285714,4.864000000452506,0.23359999977401458,0.4616999995050719
449,6.428571428571428,4.8378000010416145,0.22220000028028153,0.4729000011138851
450,6.442857142857143,11.055900000428664,0.3397999989829259,0.509700001202873
451,6.457142857142857,11.335999999573687,0.30560000050172675,0.4924000004393747
452,6.4714285714285715,8.000899999387912,0.3378000001248438,0.5373000003601192
453,6.485714285714286,11.106699999800185,0.3281999997852836,0.7828999987395946
454,6.5,6.978700001127436,0.33070000063162297,0.5555000007007038
455,6.514285714285714,3.179499999532709,0.2562000008765608,0.4977999997208826
456,6.5285714285714285,5.457599998408114,0.28759999986505136,0.47649999942223076
457,6.542857142857143,7.805999999618507,0.3484999997453997,0.5314999998518033
458,6.557142857142857,5.934700000580051,0.255299999480485,0.5206000005273381
459,6.571428571428571,6.366399999023997,0.36809999983233865,0.6185999991430435
460,6.585714285714285,10.667900000044028,0.4361000010248972,0.5970000001980225
461,6.6,13.345299999855342,0.3028999999514781,0.5590999990090495
462,6.614285714285714,9.127100000114297,0.3295999995316379,0.6183999994391343
463,6.628571428571428,13.678200000867946,0.32110000029206276,0.5813000007037772
464,6.642857142857142,3.838099999484257,0.31120000130613334,0.461199999335804
465,6.657142857142857,3.501299999697949,0.2365000000281725,0.45280000085767824
466,6.671428571428571,4.840100000365055,0.2313999993930338,0.4576999999699183
467,6.685714285714286,4.17609999931301,0.22639999951934442,0.5393999999796506
468,6.7,5.113000001074397,0.2938999987236457,0.5254999996395782
469,6.714285714285714,11.493399999380927,0.35060000118392054,0.5153999991307501
470,6.728571428571429,6.358599999657599,0.3120000001217704,0.5901000004087109
471,6.742857142857143,11.75399999920046,0.26369999977760017,0.599000000875094
472,6.757142857142857,8.46350000028906,0.35290000050736126,0.5197999998927116
473,6.771428571428571,6.353400000080001,0.26649999927030876,0.5779999992228113
474,6.785714285714286,3.6421999993763166,0.23830000100133475,0.4362999989098171
475,6.8,2.8776999988622265,0.19430000065767672,0.38550000135728624
476,6.814285714285714,3.84699999995064,0.2069000001938548,0.47850000009930227
477,6.828571428571428,4.353000000264728,0.2741999996942468,0.2502000006643357
478,6.8428571428571425,3.9837999993324047,0.2026999991358025,0.27119999867863953
479,6.857142857142857,10.294499999872642,0.2815000007103663,0.30340000012074597
480,6.871428571428571,14.090000000578584,0.27859999863721896,0.3897000005963491
481,6.885714285714285,9.681899999122834,0.3259999994043028,0.3288000007160008
482,6.8999999999999995,4.848200000196812,0.2913000007538358,0.27940000109083485
483,6.914285714285714,9.812899999815272,0.313599999572034,0.3074999985983595
484,6.928571428571428,5.88890000108222,0.29539999923144933,0.28279999969527125
485,6.942857142857143,4.250400001183152,0.2716999988479074,0.260199998592725
486,6.957142857142857,3.8282000004983274,0.2860999993572477,0.25909999931172933
487,6.9714285714285715,3.7026999998488463,0.20349999977042899,0.27909999880648684
488,6.985714285714286,3.5683999994944315,0.1964999992196681,0.24759999905654695
489,7.0,3.2148000009328825,0.2480000002833549,0.25069999901461415
490,7.014285714285714,7.367799998974078,0.27860000045620836,0.3774999986490002
491,7.0285714285714285,7.339499999943655,0.26509999952395447,0.325400000292575
492,7.042857142857143,8.467300000120304,0.30589999914809596,0.3328000002511544
493,7.057142857142857,7.648700000572717,0.2942000010079937,0.3028999999514781
494,7.071428571428571,6.6185000014229445,0.31820000003790483,0.2856999999494292
495,7.085714285714285,9.04420000006212,0.2920000006270129,0.289100000372855
496,7.1,7.485699999961071,0.309900000502239,0.3150000011373777
497,7.114285714285714,7.849899999200716,0.29969999923196156,0.2745000001596054
498,7.128571428571428,4.1608999999880325,0.2451999989716569,0.24359999952139333
499,7.142857142857142,3.134399999908055,0.2640000002429588,0.2351000002818182
500,7.157142857142857,2.8794999998353887,0.1962000005732989,0.2300000014656689
501,7.171428571428571,2.761800000371295,0.21750000087195076,0.2280000007885974
502,7.185714285714285,3.0827999999019084,0.2195999986724928,0.2705999995669117
503,7.2,10.880199999519391,0.24850000045262277,0.32160000046133064
504,7.214285714285714,11.45870000073046,0.3139000000373926,0.32079999982670415
505,7.228571428571429,8.379799999602255,0.3875999991578283,0.31119999948714394
506,7.242857142857143,9.560399999827496,0.3387000015209196,0.2973000009660609
507,7.257142857142857,7.71820000045409,0.3098999986832496,0.34109999978682026
508,7.271428571428571,3.7321999989217147,0.2549999990151264,0.2212999988842057
509,7.285714285714286,2.9068999992887257,0.24169999960577115,0.25019999884534627
510,7.3,3.509299998768256,0.22979999994277023,0.26330000036978163
511,7.314285714285714,2.9231000007712282,0.22739999985788018,0.2612000007502502
512,7.328571428571428,4.646299999876646,0.2530999990995042,0.2795000000332948
513,7.3428571428571425,3.4140999996452592,0.36499999987427145,0.26979999893228523
514,7.357142857142857,8.573299999625306,0.2896999994845828,0.33350000012433156
515,7.371428571428571,7.584300001326483,0.29320000066945795,0.3256999989389442
516,7.385714285714285,12.893799999801558,0.37940000038361177,0.3195999997842591
517,7.3999999999999995,9.890599998470861,0.3689999994094251,0.42969999958586413
518,7.414285714285714,8.500699999785866,0.3369000005477574,0.28310000016062986
519,7.428571428571428,3.7427999995998107,0.2471999996487284,0.2616000001580687
520,7.442857142857143,2.994499998749234,0.23540000074717682,0.23599999985890463
521,7.457142857142857,2.8848999991168967,0.198199999431381,0.23539999892818742
522,7.4714285714285715,2.8318999993643956,0.23890000011306256,0.2296999991813209
523,7.485714285714286,3.6540999990393175,0.21430000015243422,0.2359000009164447
524,7.5,3.9240999994945014,0.22679999892716296,0.25520000053802505
525,7.514285714285714,6.897399998706533,0.29259999973874073,0.3171999996993691
526,7.5285714285714285,10.743400000137626,0.3359000002092216,0.45590000081574544
527,7.542857142857143,9.713800000099582,0.30280000100901816,0.3124999984720489
528,7.557142857142857,12.369999998554704,0.3775000004679896,0.31289999969885685
529,7.571428571428571,3.2363999998779036,0.26959999922837596,0.27260000024398323
530,7.585714285714285,2.8894000006403076,0.2182000007451279,0.2454999994370155
531,7.6,5.706399999326095,0.24899999880290125,0.2807000000757398
532,7.614285714285714,5.848799999512266,0.23490000057790894,0.27150000096298754
533,7.628571428571428,3.517499999361462,0.21500000002561137,0.243800001044292
534,7.642857142857142,3.2059000004664995,0.21209999977145344,0.24980000125651713
535,7.657142857142857,3.9789000002201647,0.21020000167482067,0.25649999952293
536,7.671428571428571,5.694299999959185,0.33799999982875306,0.28960000054212287
537,7.685714285714285,7.61169999896083,0.29009999889240135,0.3224000010959571
538,7.7,6.779600000299979,0.35910000042349566,0.34219999906781595
539,7.714285714285714,4.2799999991984805,0.2719000003708061,0.2910999992309371
540,7.728571428571429,9.347700000944315,0.3402999991521938,0.2920000006270129
541,7.742857142857143,7.835000000341097,0.29460000041581225,0.28249999922991265
542,7.757142857142857,2.3012999990896787,0.22250000074564014,0.24979999943752773
543,7.771428571428571,3.776200001084362,0.2275000006193295,0.24479999956383836
544,7.785714285714286,2.827199999956065,0.23150000015448313,0.23389999842038378
545,7.8,2.8936999988218304,0.18310000086785294,0.2303000001120381
546,7.814285714285714,4.258799999661278,0.2638000005390495,0.2729999996518018
547,7.828571428571428,10.018599999966682,0.3028999999514781,0.2986999988934258
548,7.8428571428571425,7.784100000208127,0.26510000134294387,0.36129999898548704
549,7.857142857142857,9.196099999826401,0.3333000004204223,0.2937000008387258
550,7.871428571428571,9.522299998934614,0.28790000033040997,0.3513999999995576
551,7.885714285714285,8.06899999952293,0.29689999973925296,0.30139999944367446
552,7.8999999999999995,6.48430000001099,0.25920000007317867,0.3268999989813892
553,7.914285714285714,6.93909999972675,0.27570000020205043,0.3088000012212433
554,7.928571428571428,4.5589000001200475,0.26309999884688295,0.32110000029206276
555,7.942857142857142,4.75199999891629,0.30669999978272244,0.26419999994686805
556,7.957142857142857,3.0636999999842374,0.21639999977196567,0.24620000112918206
557,7.9714285714285715,3.527099999701022,0.19799999972747173,0.2579000010882737
558,7.985714285714286,2.93240000064543,0.2041000007011462,0.24879999909899198
559,8.0,3.012900000612717,0.22060000083001796,0.24469999880238902
560,8.014285714285714,7.040099999358063,0.2358999990974553,0.2919999988080235
561,8.028571428571428,4.151099999944563,0.2858000007108785,0.30610000067099463
562,8.042857142857143,11.893599999893922,0.295600000754348,0.3479999995761318
563,8.057142857142857,12.943400000949623,0.43089999962830916,0.3339000013511395
564,8.071428571428571,9.790899999643443,0.3550000001268927,0.31379999927594326
565,8.085714285714285,13.63620000120136,0.3104999996139668,0.29659999927389435
566,8.1,3.1662999990658136,0.2505000011296943,0.26959999922837596
567,8.114285714285714,4.2542999999568565,0.2117000003636349,0.26729999990493525
568,8.128571428571428,2.974799999719835,0.2615999983390793,0.2508999987185234
569,8.142857142857142,3.490699999019853,0.25830000049609225,0.27120000049762893
570,8.157142857142857,11.860400001751259,0.3722000001289416,0.31409999974130187
571,8.17142857142857,7.080299999870476,0.36589999945135787,0.30359999982465524
572,8.185714285714285,15.977500001099543,0.30329999935929663,0.31099999978323467
573,8.2,9.408700001586112,0.3250999998272164,0.3130000004603062
574,8.214285714285714,6.541300001117634,0.2708000010898104,0.2899000010074815
575,8.228571428571428,5.950300001131836,0.22279999939200934,0.2282999994349666
576,8.242857142857142,3.3194000006915303,0.20480000057432335,0.24339999981748406
577,8.257142857142856,3.063500000280328,0.19260000044596381,0.23460000011255033
578,8.27142857142857,2.6983000007021474,0.19520000023476314,0.23220000002766028
579,8.285714285714285,3.5755999997491017,0.22739999985788018,0.24289999964821618
580,8.299999999999999,3.8891000003786758,0.2647000001161359,0.2839999997377163
581,8.314285714285713,11.844399999972666,0.41419999979552813,0.3630999999586493
582,8.32857142857143,7.371400000920403,0.3426000002946239,0.35029999889957253
583,8.342857142857143,9.553999998388463,0.3114000010100426,0.3127999989374075
584,8.357142857142858,12.045999999827472,0.2709000000322703,0.3589999996620463
585,8.371428571428572,9.682199999588192,0.2657000004546717,0.29240000003483146
586,8.385714285714286,7.199600000603823,0.32749999991210643,0.29069999982311856
587,8.4,3.3117000002675923,0.268300000243471,0.271999999313266
588,8.414285714285715,3.5857999992003897,0.1917000008688774,0.24020000091695692
589,8.428571428571429,4.961699998602853,0.3746999991562916,0.29910000012023374
590,8.442857142857143,8.052799999859417,0.34439999944879673,0.2936000000772765
591,8.457142857142857,9.383200000229408,0.333100000716513,0.30639999931736384
592,8.471428571428572,11.319600000206265,0.2647000001161359,0.30779999906371813
593,8.485714285714286,6.900599999426049,0.4000999997515464,0.3341000010550488
594,8.5,10.794399999213056,0.30049999986658804,0.3174999983457383
595,8.514285714285714,6.900000000314321,0.311100000544684,0.32300000020768493
596,8.528571428571428,3.213300000425079,0.28469999961089343,0.2868999999918742
597,8.542857142857143,4.883300000074087,0.27129999944008887,0.2693999995244667
598,8.557142857142857,7.363700000496465,0.29770000037387945,0.2764000000752276
599,8.571428571428571,3.083800000240444,0.2193000000261236,0.25579999964975286
600,8.585714285714285,5.3222999995341524,0.28920000113430433,0.28500000007625204
601,8.6,13.05560000037076,0.274800000624964,0.3003999991051387
602,8.614285714285714,9.432399998331675,0.3316000002087094,0.31630000012228265
603,8.628571428571428,13.840999999956694,0.3065999990212731,0.30759999935980886
604,8.642857142857142,10.742200000095181,0.3923999993276084,0.3156000002491055
605,8.657142857142857,5.432900001324015,0.29969999923196156,0.2791999995679362
606,8.67142857142857,4.153400001086993,0.25159999859170057,0.25660000028437935
607,8.685714285714285,3.512600000249222,0.24499999926774763,0.24499999926774763
608,8.7,2.1956000000500353,0.21039999955974054,0.276099999609869
609,8.714285714285714,4.905699999653734,0.2536000010877615,0.2786999993986683
610,8.728571428571428,7.989699999598088,0.381200001356774,0.3147000006720191
611,8.742857142857142,9.077699998670141,0.3250999998272164,0.29489999906218145
612,8.757142857142856,15.413200000693905,0.2508999987185234,0.3455000005487818
613,8.77142857142857,11.585000000195578,0.3758000002562767,0.3271000005042879
614,8.785714285714285,9.543699999994715,0.2657000004546717,0.3063000003749039
615,8.799999999999999,4.595700000209035,0.2885000012611272,0.27600000066740904
616,8.814285714285713,3.8015000009181676,0.2611999989312608,0.25410000125702936
617,8.82857142857143,2.992600000652601,0.21500000002561137,0.24950000079115853
618,8.842857142857143,4.438900001332513,0.21399999968707561,0.2567999999882886
619,8.857142857142858,3.957099999752245,0.2418000003672205,0.2558999985922128
620,8.871428571428572,2.7926999991905177,0.42299999950046185,0.2694999984669266
621,8.885714285714286,10.10839999980817,0.3665000003820751,0.317600000926177
622,8.9,11.778999998568906,0.35199999911128543,0.3299999989394564
623,8.914285714285715,9.764100001120823,0.43539999933273066,0.31909999961499125
624,8.928571428571429,8.467500001643202,0.26620000062393956,0.2924999989772914
625,8.942857142857143,4.122399999687332,0.30470000092464034,0.279799998679664
626,8.957142857142857,3.321199999845703,0.21020000167482067,0.26389999948150944
627,8.971428571428572,3.7901000014244346,0.21879999985685572,0.27259999842499383
628,8.985714285714286,4.085599999598344,0.20989999939047266,0.28529999872262124
629,9.0,4.061899999214802,0.23370000053546391,0.25350000032631215
630,9.014285714285714,4.073399999469984,0.21250000099826138,0.24419999863312114
631,9.028571428571428,4.711899999165325,0.2777999998215819,0.26869999965128954
632,9.042857142857143,3.3327999990433455,0.29859999995096587,0.2752999989752425
633,9.057142857142857,12.574800000948017,0.31430000126420055,0.3121999998256797
634,9.071428571428571,11.968900000283611,0.31539999872620683,0.3147000006720191
635,9.085714285714285,9.51829999939946,0.32410000130767,0.41370000144524965
636,9.1,10.234899998977198,0.29490000088117085,0.31119999948714394
637,9.114285714285714,8.576399999583373,0.3161000004183734,0.29540000105043873
638,9.128571428571428,3.6302999997133156,0.22050000006856862,0.2549999990151264
639,9.142857142857142,4.680300000472926,0.260199998592725,0.2724999994825339
640,9.157142857142857,3.5920999998779735,0.2314000012120232,0.2506000000721542
641,9.17142857142857,4.338900000220747,0.24450000091746915,0.2745000001596054
642,9.185714285714285,6.03419999970356,0.23949999922479037,0.33819999953266233
643,9.2,13.05300000058196,0.33679999978630804,0.5103000003146008
644,9.214285714285714,8.392100000492064,0.31149999995250255,0.6417000004148576
645,9.228571428571428,13.313100000232225,0.3233999996155035,0.50320000082138
646,9.242857142857142,5.39549999848532,0.34189999860245734,0.5715000006603077
647,9.257142857142856,4.489200000534765,0.20219999896653462,0.4778000002261251
648,9.27142857142857,3.9092000006348826,0.18989999989571515,0.418399999034591
649,9.285714285714285,3.0547000005753944,0.2392999995208811,0.4059000002598623
650,9.299999999999999,3.1416000001627253,0.19210000027669594,0.3873000005114591
651,9.314285714285713,3.4732999993138947,0.2327999991393881,0.40919999992183875
652,9.328571428571427,4.118200000448269,0.19780000002356246,0.4985000014130492
653,9.342857142857143,9.773300000233576,0.35089999983028974,0.5017000003135763
654,9.357142857142858,10.787100000015926,0.33459999940532725,0.5292999994708225
655,9.371428571428572,9.7382000003563,0.30779999906371813,0.6415000007109484
656,9.385714285714286,4.860400000325171,0.2545000006648479,0.4636000012396835
657,9.4,2.4533000014343997,0.24620000112918206,0.4073000000062166
658,9.414285714285715,3.2523999998375075,0.22259999968810007,0.4031000007671537
659,9.428571428571429,2.9274999997142004,0.21809999998367857,0.40579999949841294
660,9.442857142857143,3.7640999998984626,0.21750000087195076,0.3966000003856607
661,9.457142857142857,3.2196000011026626,0.25160000041069,0.4400999987410614
662,9.471428571428572,13.348700000278768,0.2961999998660758,0.5759999985457398
663,9.485714285714286,8.841900000334135,0.34020000020973384,0.6807999998272862
664,9.5,6.095200000345358,0.3020999993168516,0.6307999992714031
665,9.514285714285714,8.919300000343355,0.264600001173676,0.5095000014989637
666,9.528571428571428,10.695199998735916,0.2960999991046265,0.5359000006137649
667,9.542857142857143,5.445999999210471,0.27180000142834615,0.4948999994667247
668,9.557142857142857,4.059699998833821,0.25889999960782006,0.4668000001402106
669,9.571428571428571,3.647600000476814,0.20560000120894983,0.4155000005994225
670,9.585714285714285,4.509799999141251,0.24250000024039764,0.4892999986623181
671,9.6,4.3810999995912425,0.27549999867915176,0.47280000035243575
672,9.614285714285714,7.715200001257472,0.2930999999080086,0.5103999992570607
673,9.628571428571428,7.825599999705446,0.23460000011255033,0.5830000009154901
674,9.642857142857142,7.1874000004754635,0.3233999996155035,0.6321000000752974
675,9.657142857142857,7.351399999606656,0.2911000010499265,0.6513999996968778
676,9.67142857142857,7.002599999395898,0.2303000001120381,0.49949999993259553
677,9.685714285714285,7.787499998812564,0.26049999905808363,0.5127000003994908
678,9.7,3.7480000009963987,0.23920000057842117,0.4310000003897585
679,9.714285714285714,18.796199999997043,0.2787000012176577,0.4971999987901654
680,9.728571428571428,8.775600001172279,0.309900000502239,0.5457000006572343
681,9.742857142857142,6.7049999997834675,0.3359000002092216,0.622300000031828
682,9.757142857142856,9.28100000055565,0.2918999998655636,0.6081000010453863
683,9.77142857142857,13.544800000090618,0.5435999992187135,1.2136000004829839
684,9.785714285714285,14.230299999326235,0.4557000011118362,0.6210999999893829
685,9.799999999999999,11.645700000372017,0.3352999992785044,0.559899999643676
686,9.814285714285713,10.956000000078348,0.44039999920642003,0.5090000013296958
687,9.828571428571427,7.358499999099877,0.3479999995761318,0.5203999990044395
688,9.842857142857143,11.871599999722093,0.20760000006703194,0.5013000009057578
689,9.857142857142858,10.929399999440648,0.35680000110005494,0.5505999997694744
690,9.871428571428572,9.896800000205985,0.3882000000885455,0.5677999997715233
691,9.885714285714286,4.858500000409549,0.37340000017138664,0.5364000007830327
692,9.9,8.789600000454811,0.2781999992294004,0.6001000001560897
693,9.914285714285715,7.677599998714868,0.3819999983534217,0.6402999988495139
694,9.928571428571429,5.07610000022396,0.3260000012232922,0.5228000009083189
695,9.942857142857143,3.8659999991068617,0.21670000023732428,0.43390000064391643
696,9.957142857142857,4.09380000019155,0.2074999993055826,0.46519999887095764
697,9.971428571428572,3.120199999102624,0.22419999913836364,0.4063000014866702
698,9.985714285714286,3.134100001261686,0.20089999998162966,0.22790000002714805
699,10.0,5.302800000208663,0.20190000032016542,0.4260000005160691
700,10.014285714285714,4.4785999998566695,0.26190000062342733,0.45849999878555536
701,10.028571428571428,10.264399999869056,0.2727999999478925,0.4898999995930353
702,10.042857142857143,7.2118000007321825,0.31060000037541613,0.3312999997433508
703,10.057142857142857,8.695000000443542,0.2731000004132511,0.30759999935980886
704,10.071428571428571,8.02540000040608,0.21869999909540638,0.2995000013470417
705,10.085714285714285,9.215099998982623,0.33030000122380443,0.27409999893279746
706,10.1,6.052400000044145,0.2092000013362849,0.36469999940891284
707,10.114285714285714,4.243199999109493,0.20330000006651971,0.2615000012156088
708,10.128571428571428,3.3268000006501097,0.19939999947382603,0.24699999994481914
709,10.142857142857142,2.827899999829242,0.19239999892306514,0.2359000009164447
710,10.157142857142857,2.9781000012008008,0.22840000019641593,0.2389999990555225
711,10.17142857142857,4.522999999608146,0.2555999999458436,0.2694000013434561
712,10.185714285714285,4.10349999947357,0.279799998679664,0.29970000105095096
713,10.2,9.62710000021616,0.28899999961140566,0.3039999992324738
714,10.214285714285714,10.588499999357737,0.4116000000067288,0.3313000015623402
715,10.228571428571428,4.105100000742823,0.33179999991261866,0.30929999957152177
716,10.242857142857142,7.594400000016321,0.28279999969527125,0.33599999915168155
717,10.257142857142856,5.739700000049197,0.22810000155004673,0.27260000024398323
718,10.27142857142857,2.979099999720347,0.24540000049455557,0.23829999918234535
719,10.285714285714285,3.622700000050827,0.23289999990083743,0.24479999956383836
720,10.299999999999999,3.726900000401656,0.23920000057842117,0.25149999964924064
721,10.314285714285713,3.726200000528479,0.19950000023527537,0.24249999842140824
722,10.328571428571427,3.7326999990909826,0.32590000046184286,0.2567000010458287
723,10.342857142857143,4.371199998786324,0.2621000003273366,0.28870000096503645
724,10.357142857142858,9.009100000184844,0.32920000012381934,0.3010000000358559
725,10.371428571428572,8.955499999501626,0.2879999992728699,0.32529999953112565
726,10.385714285714286,9.537199999613222,0.2951000005850801,0.30759999935980886
727,10.4,8.720199999515899,0.3001000004587695,0.32749999991210643
728,10.414285714285715,10.222900000371737,0.2997999999934109,0.3178999995725462
729,10.428571428571429,3.924100001313491,0.35740000021178275,0.28199999906064477
730,10.442857142857143,4.996600000595208,0.2592999990156386,0.32250000003841706
731,10.457142857142857,7.425100000546081,0.24359999952139333,0.2837000010913471
732,10.471428571428572,3.1380000000353903,0.24590000066382345,0.2539000015531201
733,10.485714285714286,4.152099998464109,0.24990000019897707,0.2579000010882737
734,10.5,4.389000001538079,0.20589999985531904,0.2845999988494441
735,10.514285714285714,12.949500000104308,0.36270000055083074,0.37679999877582304
736,10.528571428571428,18.44400000118185,0.37460000021383166,0.32889999965846073
737,10.542857142857143,10.011500000473461,0.34140000025217887,0.3304999991087243
738,10.557142857142857,7.62380000014673,0.334399999701418,0.2901999996538507
739,10.571428571428571,6.663000000116881,0.26419999994686805,0.2777999998215819
740,10.585714285714285,3.3500999998068437,0.2717000006668968,0.26980000075127464
741,10.6,3.2993999993777834,0.30500000138999894,0.26729999990493525
742,10.614285714285714,3.694299999551731,0.2072000006592134,0.2545000006648479
743,10.628571428571428,3.5812000005535083,0.3544000010151649,0.2626000004966045
744,10.642857142857142,2.5372000000061234,0.21120000019436702,0.25549999918439426
745,10.657142857142857,8.421200000157114,0.3485000015643891,0.370699999621138
746,10.67142857142857,9.581899999830057,0.2989999993587844,0.29519999952754006
747,10.685714285714285,9.023200000228826,0.370699999621138,0.32129999999597203
748,10.7,7.368199998381897,0.3524999992805533,0.2979000000777887
749,10.714285714285714,3.026599999429891,0.26060000163852237,0.25720000121509656
750,10.728571428571428,2.9281999995873775,0.20169999879726674,0.24420000045211054
751,10.742857142857142,4.103900000700378,0.232000000323751,0.24680000024090987
752,10.757142857142856,3.258000000641914,0.19360000078449957,0.24459999985992908
753,10.77142857142857,4.291000001103384,0.18930000078398734,0.26789999901666306
754,10.785714285714285,4.557000000204425,0.26729999990493525,0.3028999999514781
755,10.799999999999999,9.51569999961066,0.2899999999499414,0.29720000020461157
756,10.814285714285713,6.853500000943313,0.31209999906423036,0.32390000160376076
757,10.828571428571427,10.035199999038014,0.31710000075690914,0.29910000012023374
758,10.842857142857142,10.6166999994457,0.3080000005866168,0.313599999572034
759,10.857142857142858,4.030599999168771,0.28139999994891696,0.2746999998635147
760,10.871428571428572,2.8703000007226365,0.31070000113686547,0.2426999999443069
761,10.885714285714286,3.7309999988792697,0.2758999999059597,0.24200000007112976
762,10.9,3.1988999999157386,0.2162000000680564,0.2621000003273366
763,10.914285714285715,3.8544999988516793,0.22160000116855372,0.2581999997346429
764,10.928571428571429,7.782599999700324,0.335599999743863,0.3293000008852687
765,10.942857142857143,4.946900000504684,0.3206999990652548,0.32110000029206276
766,10.957142857142857,10.120000000824803,0.3744999994523823,0.32730000020819716
767,10.971428571428572,17.50059999903897,0.3209000005881535,0.3405999996175524
768,10.985714285714286,8.14139999965846,0.32730000020819716,0.3032000004168367
769,11.0,8.74649999968824,0.28059999931429047,0.3381000005902024
770,11.014285714285714,4.281300000002375,0.2764000000752276,0.2768000013020355
771,11.028571428571428,3.4324000007472932,0.2843000002030749,0.27009999939764384
772,11.042857142857143,5.083000000013271,0.2834999995684484,0.2798000004986534
773,11.057142857142857,4.469299999982468,0.2378999997745268,0.2800999991450226
774,11.071428571428571,11.620400000538211,0.3704000009747688,0.3687999997055158
775,11.085714285714285,12.727499999527936,0.44950000119570177,0.428999999712687
776,11.1,10.309899998901528,0.5063000007794471,0.34410000080242753
777,11.114285714285714,8.024999999179272,0.322599998980877,0.3431999994063517
778,11.128571428571428,4.3549999991228106,0.4216999986965675,0.27659999977913685
779,11.142857142857142,5.085200000394252,0.3051999992749188,0.2943999988929136
780,11.157142857142857,5.424099999800092,0.2815000007103663,0.2829000004567206
781,11.17142857142857,4.21239999923273,0.25660000028437935,0.2736999995249789
782,11.185714285714285,4.913700000543031,0.3447999988566153,0.2709000000322703
783,11.2,3.5200999991502613,0.2485999993950827,0.33540000003995374
784,11.214285714285714,8.479899999656482,0.2803999996103812,0.29710000126215164
785,11.228571428571428,4.905900001176633,0.3180999992764555,0.2938999987236457
786,11.242857142857142,10.01189999988128,0.4071000003023073,0.343700001394609
787,11.257142857142856,11.15350000145554,0.3832000002148561,0.34020000020973384
788,11.27142857142857,10.153499999432825,0.4409000011946773,0.4012000008515315
789,11.285714285714285,4.752899998493376,0.3044000004592817,0.28050000037183054
790,11.299999999999999,4.2632000004232395,0.2808999997796491,0.2734000008786097
791,11.314285714285713,3.7004999994678656,0.30249999872467015,0.2777999998215819
792,11.328571428571427,3.2436999990750337,0.23940000028233044,0.26450000041222665
793,11.342857142857142,5.111300000862684,0.2587999988463707,0.36290000025474
794,11.357142857142858,11.641200000667595,0.3614999986893963,0.3395000003365567
795,11.371428571428572,9.563000001435285,0.3231999999115942,0.3082000002905261
796,11.385714285714286,11.810500000137836,0.3650999988167314,0.3648000001703622
797,11.4,10.407800000393763,0.38640000093437266,0.3335999990667915
798,11.414285714285715,5.1562000007834285,0.34140000025217887,0.28279999969527125
799,11.428571428571429,3.4754999996948754,0.3051000003324589,0.2611999989312608
800,11.442857142857143,3.7256999985402217,0.2285999999003252,0.2378999997745268
801,11.457142857142857,2.794099998936872,0.19269999938842375,0.23950000104377978
802,11.471428571428572,3.5093999995297054,0.2890999985538656,0.2471999996487284
803,11.485714285714286,3.531000000293716,0.25149999964924064,0.26169999910052866
804,11.5,7.750499999019667,0.34330000016780104,0.36360000012791716
805,11.514285714285714,7.516700001360732,0.28729999939969275,0.3811999995377846
806,11.528571428571428,6.563200000528013,0.2981999987241579,0.3081999984715367
807,11.542857142857143,7.078000000547036,0.2750999992713332,0.2839999997377163
808,11.557142857142857,6.902299999637762,0.2808999997796491,0.2897000013035722
809,11.571428571428571,7.2975000002770685,0.3034999990632059,0.2936999990197364
810,11.585714285714285,6.640300000071875,0.2359000009164447,0.3097000007983297
811,11.6,4.245399999490473,0.22050000006856862,0.33879999864439014
812,11.614285714285714,3.5486000015225727,0.32869999995455146,0.27039999986300245
813,11.628571428571428,3.77449999905366,0.2586999999039108,0.2600999996502651
814,11.642857142857142,3.6450000006880146,0.26029999935417436,0.2471999996487284
815,11.657142857142857,4.634900000382913,0.24739999935263768,0.255299999480485
816,11.67142857142857,4.206999999951222,0.2889000006689457,0.30449999940174166
817,11.685714285714285,9.66369999878225,0.33369999982824083,0.3150000011373777
818,11.7,11.417199999414152,0.34159999995608814,0.3369000005477574
819,11.714285714285714,8.948300001065945,0.318899999911082,0.35039999966102187
820,11.728571428571428,7.55600000047707,0.3400999994482845,0.3149999993183883
821,11.742857142857142,3.632899999502115,0.27770000087912194,0.2533999995648628
822,11.757142857142856,3.202899999450892,0.1971000001503853,0.24340000163647346
823,11.77142857142857,3.405199999178876,0.22790000002714805,0.246300000071642
824,11.785714285714285,4.682299999331008,0.24819999998726416,0.41369999962626025
825,11.799999999999999,3.374699999767472,0.23559999863209669,0.4281999990780605
826,11.814285714285713,4.176500000539818,0.3026000013051089,0.4533000010269461
827,11.828571428571427,7.359799999903771,0.36690000160888303,0.5034000005252892
828,11.842857142857142,7.639299999937066,0.2468999991833698,0.5058000006101793
829,11.857142857142858,11.466599999039317,0.40269999954034574,0.5495999994309386
830,11.871428571428572,7.150900000851834,0.36499999987427145,0.5637000012939097
831,11.885714285714286,7.199900001069182,0.2626000004966045,0.48550000065006316
832,11.9,8.406799999647774,0.32590000046184286,0.5051000007370021
833,11.914285714285715,2.9443000003084308,0.21009999909438193,0.4324000001361128
834,11.928571428571429,4.060400000525988,0.19749999955820385,0.43870000081369653
835,11.942857142857143,3.415799999856972,0.20370000129332766,0.4205999994155718
836,11.957142857142857,4.749199999423581,0.24640000083309133,0.4258999997546198
837,11.971428571428572,3.4809999997378327,0.24190000112866983,0.4451000004337402
838,11.985714285714286,4.571700001179124,0.2423999994789483,0.533799999175244
839,12.0,10.39900000068883,0.5813999996462371,0.5089000005682465
840,12.014285714285714,11.535800000274321,0.36550000004353933,0.6458999996539205
841,12.028571428571428,6.431799998608767,0.3080000005866168,0.5487000016728416
842,12.042857142857143,5.656299999827752,0.2943999988929136,0.5084000003989786
843,12.057142857142857,6.750200000169571,0.25610000011511147,0.47959999938029796
844,12.071428571428571,4.133899999942514,0.19950000023527537,0.4377000004751608
845,12.085714285714285,4.0687999990041135,0.28469999961089343,0.43680000089807436
846,12.1,3.092500001002918,0.22360000002663583,0.40719999924476724
847,12.114285714285714,4.688099999839324,0.23160000091593247,0.41260000034526456
848,12.128571428571428,3.857699999571196,0.2623000000312459,0.4422999991220422
849,12.142857142857142,7.085200000801706,0.2150999989680713,0.4865000009885989
850,12.157142857142857,9.389500000906992,0.23689999943599105,0.5049999999755528
851,12.17142857142857,9.309800001574331,0.35770000067714136,0.5470000014611287
852,12.185714285714285,7.19310000022233,0.3130000004603062,0.5645000001095468
853,12.2,5.135299999892595,0.28080000083718915,0.48070000048028305
854,12.214285714285714,4.209400000036112,0.22870000066177454,0.41849999979604036
855,12.228571428571428,4.1049999999813735,0.19950000023527537,0.421200000346289
856,12.242857142857142,3.4820999990188284,0.22510000053443946,0.40689999877940863
857,12.257142857142856,4.261500000211527,0.21209999977145344,0.46780000047874637
858,12.27142857142857,4.116200001590187,0.2932999996119179,0.4472999989957316
859,12.285714285714285,8.145700001477962,0.3398000008019153,0.5423000002338085
860,12.299999999999999,9.234799999831012,0.32160000046133064,0.5923999997321516
861,12.314285714285713,8.67870000001858,0.31069999931787606,0.6059000006644055
862,12.328571428571427,12.068899999576388,0.30929999957152177,0.6196999984240392
863,12.342857142857142,4.559900000458583,0.277299999652314,0.5646999998134561
864,12.357142857142856,4.127300000618561,0.24510000002919696,0.38549999953829683
865,12.371428571428572,3.5473999996611383,0.23740000142424833,0.46750000001338776
866,12.385714285714286,4.511799999818322,0.20109999968553893,0.44189999971422367
867,12.4,5.925900000875117,0.23259999943547882,0.4619999999704305
868,12.414285714285715,5.5793999999878,0.24650000159454066,0.4656000000977656
869,12.428571428571429,9.40199999968172,0.2678000000742031,0.5316000006132526
870,12.442857142857143,14.14180000028864,0.3402999991521938,0.7112999992386904
871,12.457142857142857,10.762500000055297,0.3113000002485933,0.4948999994667247
872,12.471428571428572,6.779700001061428,0.3192000003764406,0.4890000000159489
873,12.485714285714286,4.740999998830375,0.2167999991797842,0.4442999997991137
874,12.5,3.7329000006138813,0.2502000006643357,0.44580000030691735
875,12.514285714285714,3.0411999996431405,0.20229999972798396,0.42529999882390257
876,12.528571428571428,5.094699999972363,0.1959000001079403,0.43540000115172006
877,12.542857142857143,4.293500000130734,0.198199999431381,0.4484000000957167
878,12.557142857142857,4.477500000575674,0.26980000075127464,0.452199999926961
879,12.571428571428571,9.601499999916996,0.3416999988985481,0.4932000010740012
880,12.585714285714285,8.222799999202834,0.3130999994027661,0.7555000011052471
881,12.6,8.73190000129398,0.3037999995285645,0.5579000007855939
882,12.614285714285714,8.767900000748341,0.23719999990134966,0.2903000004153
883,12.628571428571428,3.1171999999060063,0.27629999931377824,0.2614999993966194
884,12.642857142857142,2.854700000170851,0.20080000103916973,0.2401000001555076
885,12.657142857142857,2.924200000052224,0.1888999995571794,0.23239999973156955
886,12.67142857142857,4.926999999952386,0.20169999879726674,0.2767999994830461
887,12.685714285714285,4.137799998716218,0.2395999999862397,0.29910000012023374
888,12.7,13.510000000678701,0.4850000004807953,0.3228999994462356
889,12.714285714285714,10.67249999869091,0.3448999996180646,0.2932999996119179
890,12.728571428571428,9.136299999227049,0.3142000005027512,0.35680000110005494
891,12.742857142857142,10.362199998780852,0.31859999944572337,0.2934000003733672
892,12.757142857142856,3.093100000114646,0.3291000011813594,0.26559999969322234
893,12.77142857142857,3.534600000421051,0.24990000019897707,0.26369999977760017
894,12.785714285714285,3.6175000004732283,0.22569999964616727,0.26170000091951806
895,12.799999999999999,3.9579999993293313,0.25459999960730784,0.2668000015546568
896,12.814285714285713,6.057999999029562,0.24479999956383836,0.2989000004163245
897,12.828571428571427,12.012400000458001,0.28810000003431924,0.30190000143193174
898,12.842857142857142,10.152900000321097,0.44130000060249586,0.3129999986413168
899,12.857142857142856,7.310000000870787,0.36299999919719994,0.31769999986863695
900,12.871428571428572,9.883900000204449,0.34190000042144675,0.2979000000777887
901,12.885714285714286,4.01370000145107,0.262999999904423,0.25800000003073364
902,12.9,4.6102999986032955,0.2666000000317581,0.24750000011408702
903,12.914285714285715,3.718500000104541,0.1917000008688774,0.24619999931019265
904,12.928571428571429,6.497099999251077,0.20799999947485048,0.26339999931224156
905,12.942857142857143,8.80229999893345,0.2764999990176875,0.2918999998655636
906,12.957142857142857,6.638599999860162,0.3316000002087094,0.318899999911082
907,12.971428571428572,9.186499999486841,0.5264999999781139,0.2917000001616543
908,12.985714285714286,9.480499998971936,0.2679999997781124,0.2891999993153149
909,13.0,3.6586999995051883,0.29689999973925296,0.273600000582519
910,13.014285714285714,2.585700000054203,0.46599999950558413,0.24389999998675194
911,13.028571428571428,2.960799998618313,0.25920000007317867,0.2440999996906612
912,13.042857142857143,2.793999999994412,0.19699999938893598,0.2382000002398854
913,13.057142857142857,3.435200000240002,0.22619999981543515,0.2477000016369857
914,13.071428571428571,8.198399998946115,0.5299000004015397,0.30220000007830095
915,13.085714285714285,7.508599999709986,0.2466000005370006,0.3598000002966728
916,13.1,10.516799999095383,0.2643000007083174,0.30750000041734893
917,13.114285714285714,8.35900000129186,0.34270000105607323,0.2917000001616543
918,13.128571428571428,12.162000000898843,0.3032000004168367,0.3043999986402923
919,13.142857142857142,3.599699999540462,0.35290000050736126,0.2704999988054624
920,13.157142857142857,2.720000000408618,0.25610000011511147,0.20539999968605116
921,13.17142857142857,4.469699999390286,0.24280000070575625,0.23879999935161322
922,13.185714285714285,4.773000000568572,0.18759999875328504,0.24540000049455557
923,13.2,3.3463999989180593,0.2288999985466944,0.24620000112918206
924,13.214285714285714,8.782499999142601,0.33230000008188654,0.29519999952754006
925,13.228571428571428,7.704300000114017,0.30620000143244397,0.3541999994922662
926,13.242857142857142,8.687100000315695,0.30000000151630957,0.33660000008239876
927,13.257142857142856,11.038299999199808,0.3020000003743917,0.3359000002092216
928,13.27142857142857,6.414999999833526,0.2777999998215819,0.30619999961345457
929,13.285714285714285,3.003300000273157,0.24470000062137842,0.25570000070729293
930,13.299999999999999,3.635200000644545,0.2468999991833698,0.24590000066382345
931,13.314285714285713,3.8566000002902,0.3133999998681247,0.25319999986095354
932,13.328571428571427,3.1036000000312924,0.19799999972747173,0.2351000002818182
933,13.342857142857142,2.9054999995423714,0.19350000002305023,0.24060000032477546
934,13.357142857142856,4.000799999630544,0.26049999905808363,0.2647000001161359
935,13.371428571428572,11.834499999167747,0.38529999983438756,0.3011999997397652
936,13.385714285714286,7.8223000000434695,0.3152999997837469,0.3254999992350349
937,13.4,7.392999999865424,0.305800000205636,0.3171999996993691
938,13.414285714285715,8.702000000994303,0.3110000016022241,0.30669999978272244
939,13.428571428571429,7.2868999995989725,0.31089999902178533,0.2810000005410984
940,13.442857142857143,3.834099999949103,0.25970000024244655,0.26529999922786374
941,13.457142857142857,3.873899999234709,0.23239999973156955,0.24680000024090987
942,13.471428571428572,3.4708000002865447,0.23080000028130598,0.23470000087399967
943,13.485714285714286,5.266000000119675,0.2182000007451279,0.33909999910974875
944,13.5,3.5509000008460134,0.21770000057586003,0.2609000002848916
945,13.514285714285714,2.949700001408928,0.2584000012575416,0.28329999986453913
946,13.528571428571428,3.3487000000604894,0.26560000151221175,0.2602000004117144
947,13.542857142857143,9.053300000232412,0.32559999999648426,0.3848999986075796
948,13.557142857142857,10.913200001596124,0.3094000003329711,0.30949999927543104
949,13.571428571428571,8.923399998820969,0.35149999894201756,0.3151000000798376
950,13.585714285714285,6.676199998764787,0.30110000079730526,0.301799998851493
951,13.6,3.552500000296277,0.25649999952293,0.2578999992692843
952,13.614285714285714,3.2006000001274515,0.19319999955769163,0.24089999897114467
953,13.628571428571428,3.025800000614254,0.25150000146823004,0.23839999994379468
954,13.642857142857142,3.942100000131177,0.23700000019744039,0.300900001093396
955,13.657142857142857,3.108799999608891,0.2142000012099743,0.23969999892869964
956,13.67142857142857,2.4517999991076067,0.30500000138999894,0.21630000082950573
957,13.685714285714285,9.08759999947506,0.2882999997382285,0.3250999998272164
958,13.7,11.593799999900511,0.3264999995735707,0.343399999110261
959,13.714285714285714,9.152199998425203,0.3778000009333482,0.3022999990207609
960,13.728571428571428,10.633800000505289,0.3356000015628524,0.31010000020614825
961,13.742857142857142,4.940799999531009,0.2673999988473952,0.277299999652314
962,13.757142857142856,5.37600000097882,0.271999999313266,0.277299999652314
963,13.77142857142857,3.6738999988301657,0.40020000051299576,0.267100000201026
964,13.785714285714285,3.3243999987462303,0.26869999965128954,0.2561999990575714
965,13.799999999999999,3.6559000000124797,0.27099999897473026,0.27099999897473026
966,13.814285714285713,5.759600000601495,0.280100000964012,0.29969999923196156
967,13.828571428571427,9.139699999650475,0.3260000012232922,0.35519999983080197
968,13.842857142857142,7.4402000009285985,0.3614999986893963,0.3001000004587695
969,13.857142857142856,7.448800000929623,0.3053999989788281,0.3132999991066754
970,13.87142857142857,7.865199999287142,0.32949999877018854,0.2824000002874527
971,13.885714285714286,3.876200000377139,0.33790000088629313,0.2537000000302214
972,13.9,6.827100000009523,0.29770000037387945,0.28279999969527125
973,13.914285714285715,3.2105999998748302,0.22770000032323878,0.25830000049609225
974,13.928571428571429,3.217699999368051,0.4093000006832881,0.26669999897421803
975,13.942857142857143,6.409600000552018,0.28080000083718915,0.33819999953266233
976,13.957142857142857,11.232499999096035,0.42269999903510325,0.36410000029718503
977,13.971428571428572,8.916500000850647,0.431800001024385,0.31820000003790483
978,13.985714285714286,9.626699998989352,0.33960000109800603,0.3022999990207609
979,14.0,6.63410000015574,0.30870000045979396,0.28500000007625204
980,14.014285714285714,3.6533999991661403,0.2901999996538507,0.24980000125651713
981,14.028571428571428,3.1804000009287847,0.26679999973566737,0.2672000009624753
982,14.042857142857143,4.4601999998121755,0.2722999997786246,0.2733999990596203
983,14.057142857142857,3.748499999346677,0.2531000009184936,0.26389999948150944
984,14.071428571428571,13.215500001024338,0.3040000010514632,0.3293000008852687
985,14.085714285714285,11.887399999977788,0.35509999906935263,0.3139000000373926
986,14.1,12.07550000071933,0.38239999958022963,0.34589999995660037
987,14.114285714285714,7.893300000432646,0.3708000003825873,0.3152999997837469
988,14.128571428571428,9.136500000749948,0.3102000009675976,0.3003999991051387
989,14.142857142857142,3.4024999986286275,0.2519000008760486,0.26979999893228523
990,14.157142857142857,5.244100000709295,0.24420000045211054,0.2855000002455199
991,14.17142857142857,4.755500000101165,0.3552999987732619,0.28170000041427556
992,14.185714285714285,6.351800000629737,0.3251999987696763,0.3468000013526762
993,14.2,9.89339999978256,0.2595000005385373,0.3566999985196162
994,14.214285714285714,14.911700000084238,0.35010000101465266,0.3462999993644189
995,14.228571428571428,6.058999999368098,0.34159999995608814,0.31259999923349824
996,14.242857142857142,8.352799999556737,0.30669999978272244,0.3415000010136282
997,14.257142857142856,7.240599999931874,0.33660000008239876,0.4017000010207994
998,14.27142857142857,3.1488999993598554,0.29689999973925296,0.26760000037029386
999,14.285714285714285,4.952000001139822,0.24359999952139333,0.28200000087963417
1000,14.299999999999999,4.649000000426895,0.2716999988479074,0.2828999986377312
1001,14.314285714285713,5.681900000126916,0.31430000126420055,0.291599999400205
1002,14.328571428571427,9.487000001172419,0.31289999969885685,0.35740000021178275
1003,14.342857142857142,10.076800001115771,0.32019999889598694,0.3369999994902173
1004,14.357142857142856,16.66990000012447,0.32359999931941275,0.31400000079884194
1005,14.37142857142857,7.466999999451218,0.400400000216905,0.31629999830329325
1006,14.385714285714286,3.5742000000027474,0.2922000003309222,0.26900000011664815
1007,14.4,9.053300000232412,0.3162000011798227,0.2898999991884921
1008,14.414285714285715,11.967099999310449,0.27269999918644316,0.34890000097220764
1009,14.428571428571429,3.5669999997480772,0.31060000037541613,0.2769999991869554
1010,14.442857142857143,9.433000001081382,0.33059999987017363,0.3099999994446989
1011,14.457142857142857,28.996600000027684,0.3328000002511544,0.4788000005646609
1012,14.471428571428572,8.679399999891757,0.3676000014820602,0.30340000012074597
1013,14.485714285714286,10.122899999259971,0.31570000101055484,0.3051000003324589
1014,14.5,5.512100000487408,0.27260000024398323,0.2817999993567355
1015,14.514285714285714,4.612400000041816,0.3082000002905261,0.2722999997786246
1016,14.528571428571428,3.362800000104471,0.29879999965487514,0.25119999918388203
1017,14.542857142857143,3.1323000002885237,0.19129999964206945,0.24119999943650328
1018,14.557142857142857,8.741899999222369,0.24789999952190556,0.2916000012191944
1019,14.571428571428571,9.292599999753293,0.32500000088475645,0.3835000006802147
1020,14.585714285714285,8.357599999726517,0.35480000042298343,0.28560000100696925
1021,14.6,12.518800000179908,0.3360999999131309,0.3081999984715367
1022,14.614285714285714,5.796199999167584,0.32049999936134554,0.33660000008239876
1023,14.628571428571428,4.409999999552383,0.27939999927184545,0.273600000582519
1024,14.642857142857142,4.003000000011525,0.26200000138487667,0.26029999935417436
1025,14.657142857142857,6.275600000662962,0.2469000010023592,0.2901999996538507
1026,14.67142857142857,6.248900001082802,0.2901999996538507,0.29879999965487514
1027,14.685714285714285,7.618300000103773,0.2962000016850652,0.3157999999530148
1028,14.7,13.37259999854723,0.4258999997546198,0.4219999991619261
1029,14.714285714285714,12.441900000339956,0.43680000089807436,0.3310000010969816
1030,14.728571428571428,8.893199999874923,0.3121999998256797,0.32900000041991007
1031,14.742857142857142,11.887300001035328,0.3328000002511544,0.3226999997423263
1032,14.757142857142856,6.026399998518173,0.27269999918644316,0.31859999944572337
1033,14.77142857142857,5.816800001412048,0.32760000067355577,0.30159999914758373
1034,14.785714285714285,5.110799998874427,0.27579999914451037,0.2889000006689457
